95242,08C3041CE0F45E551D21E6DE626636C095E732E6C4F84AA9BDB9D0571E6A8EF9
72136,0173C11C5B206564640D676FA416C3E8964E8BFB82F0102234C9376015570BB1
147554,02EDF587100C8D9E81E2D9BB6453F7D15F6D4F4461896ADF16C9CF18E61281B6
2404,00560A4BBB6C40D7631A32784DD345E14BBB3415DD13D7848145D66AFBD21844
83924,02F3ED616FF9C7D83613783E8CC19B7A55B9143D0A82A7A92B367A218148D77B
153469,05D96D28DA4DAE4C92A47C6DBEF0A1ACAFD529C85B4AD3192216ACC18D198994
16123,0294C58832003148DBD2F6090A80B63C3346902A176A8595A2979D808B659DE3
153095,05D57B1D27DBDF06A7B0D0F25841FA0CBF84E50E5ACE22FDCE63994085406973
17305,02A1B9A82C82880956C0C45DBA842DE07C393CAA64866650576EAD930A6ADD9E
61693,08B3C812ED65BFA1B652CA911ECFF85A137F4E6F678A12C7239AA9F90C0CED08
117435,0304FC2F0CEDB14947DBC4B30414B7F6943A6CCB53BEF89D38DDA503D791C46D
32024,0B72F1454751C0DC27AF6BB6F96A2441EC608893EF9C3724400DA028518958B2
81762,02DB9BDDAE60D0C2D213561ABCB7937B21BEB5D313CCC0932A6C644EC59F6476
101424,007543AA470977B1B8E6DF2C46F5D341F020BA2C486BBD4837337B7BE79793C3
66488,0055148D027EF29A5E6188F6F927FD346FB1AA5BA876F3858C97964E6B8794E4
15004,0255A49C089CE287D12A89627CE4F7A85D8C6FFDD6AD0B19F3F5CFF49C721FA5
95470,0B6B73C4CA255A5C15263317164196CF2C54E8063E97B30DF9623D0330130583
126086,08B623A72C51E7E141B95CCB612E3C0D6703099B1EB88FF640D5B9065615E6AF
9290,01824D1963FBEA602E4C0B9FA345AF55A0A0358C450D2CC653DE481E82464652
128427,0000FEC6BB1AEC74BA3F7AC11FAFFBD35EB0C7D90656EC7A14FAE3639D754548
110734,024F2CC4B8293C724D570476B366D56B3DB677D0A987749631C38B298A2AA49C
3484,0061BA81A38E6969F29D3CE8E236D3E99C22CE21498B023F8932AFDB47D3E8B6
93775,08B3C4C01DDC128E0089FEC273A553EE633BD6DB1C5D3A7B82E3DD89289BE7A7
160232,0B71AE95F0A673FA80E52EC5F05D3C07F2A1D0379B50A3859540E3F61B6221DB
102624,009C32948229B6252DC68C4EA53E6C5E444D54D1A5D457AAAF896CA41FE6C71E
71110,0127C365BB49B787D417CACA569FAF5BF4C93DFEFF7E6AB619048F8FB4554A31
142935,0250B47A4EA7F1E0A0E253FB5B4AB902A08D2644D6920F85603AA4462D8E5573
84139,02F67D540084FC9EB42625B51DC378715AB2F653A1D968B8FD43DA8688AAA80F
85558,03075978E6DFB6BAABFC65E8DF8EE5A92A47AE8569969436BEEFBFFD2BB9F999
73780,01B66C1B189CC7BE42A8558415907CAA92FDF5E4736D2DF627473F784E2CA1C2
75541,01CABE7BF97D2D438ECAC0537193D5470C584AA11D5767496F06BA6C6E0E5D51
7486,016E0C77DF5E8B90F62859B59138F1AC9C9D969E45A98473446A1D32AC821D5B
134761,009CD69F6FC638C8F2386C1AE74A9BE866106ADAA4426F3D29C6EB3B27412A2F
116501,02FA3D7790CC9023908DAE6725FAE87A19573375A9DEF2F17975CDF4E59C7294
96213,0B731F6B4675EB76563A3B1EB9F0F32441FB118B9A1008D8667537E6C101F18C
3136,005E387F4B0351FB954CF34FBF4FF0DEEB601DDAFE9FBA0A2094C93D5A1F5143
106378,01BC26610F52167B10C47FC32B072BB4B1CCE292921EE93370BED9ACED59118D
80056,02922432E6D79C500BE8FD28731C10D86F59A19736AB837BA6034AA5FA97C8DD
132794,006CF59683A83EBDC65F05C85F0620073A6B001DB172D40A511DFA0C83D698B2
31257,08C4CB6D21DC11E4700CB6E2608891892760B78E6741F2822DBD3EA54227F688
18211,02E2872C0582A18D4802AB56DE8B8EA343A2E33DD10D7DDFC0B2F1556E525A1F
125193,08AC17A9B671FF3080E0B01F407F30586E772AC9D91DD75D28004FCFF6F7C3E7
35737,0063D0C87EF633E51F22D4FA17D8CAC299EF8F0776A5F7FAA1E51EBC380AAA50
87897,05C9C69AE99ABE32AA9199D27F7C3EDC537C6E82E8C439A3E49962A1F671BA5F
75299,01C7C3B69AD8DD6E3FFC9A2CC6AE6A6D0236EDA969E9501E21B2AE99D095053F
68676,006D84D183C42D68F120153D80419F62523FDF3313CE38309ACE9293082AF49D
146513,02E227AC00B5F064BCA6F57605CE0BDF3B2EE48656EE6E0AE0BE8F5F5A1CB6E0
120174,05CBDB005F6BD8B11E1C612FAFDEBC6C2743014C4136F81177A0430328336153
2299,0054DFC68D35C418CF984084461F8F14830C29E9A245CED4671E0868DA89DE58
117256,0302F295B3156D92F064179C9823F2CB884BEC872BB3FD3ED52681B38EF6EA2D
109203,020A831CFF9D477E9CFC9119B55874076E982CBCB8126128F08E707AC58FE8A0
102345,0098C8A56933A2146072359E0C9700B1BD38C6EEAA698583C9F724DE61A06602
30249,08BA4853F688C3C1E2DB271E1CA400D689A1C5C5D2986338C1F6E6E7E0DEEF74
101659,0077D23ED29E4763C9EE4655020C153005A76112EFB1664F554EA70EFE5D928E
73489,01829E01CEEDB9C42CD904BB6A38503B130950AE472C6F0DB7DE0DD7A18F5C47
84839,02FF3E8E144E6DA00C61321B53BB810D0831F6A38933B898A1819BC734EE149B
36773,006F9F44D5725236A0908C94DA0ADD00C070B1B3769B59B198D25541E2F0CABF
28181,08A3F69519919BDFF7867548FFEF78CD8EFA46E7CCB9666DDE09C4025BCE9273
82138,02DF89F5B33B0A7E5ECF1B7DC2A69DA1DE484F7E24DA950BF081E4384C1A6758
109882,021229CEE2A0FC42107E01722D930EDC979DE51D90E83A37E446CA63CD42B76B
51940,02F5383878B22728715CE37B5D94911EA806E151C4EBA1568DA762BF49448586
138219,01B95132C45BAD5DA49DDFF762B74F36D28FD42D8078F995F1A66372827A9D6D
134504,0099CD36C5A4C2194A03488C98EC8ACD4C75EFB41E7C2CFA6BB933AA48AAA82C
58280,05E492482EC2C3C4F73867486E2AA987865BF9BF767F4D3E8E22F6C9E0D16AA3
105697,0183BBDE4CD721EED849868C6E1B3B0913956E749D8EADEBBFC82A98BEEBF0BA
85734,0308FA50D9D82328F55262CA8457BC838CCDE1702309FF78AE0C07E3142BF537
14670,0251A39B12998D16576C221C9F9D9224C55C63728D9C27247E59E6A1F4B15AC4
11911,01FFC6FA3736858B9F9C08D9D6433680699A3E8C7CC912E51494C1AF771DFA8D
72517,0177EA8445E5B4EEEEB4C113B1F38E58142D16CC4875D5EC9AD1DDA84FB667CB
156297,08A0FBD3D9600B6D7CBA997C7B00F27AC20DE0C32FEB6162D3F5EB586DF1506F
41079,017F07BFB3FD1A638B67C913DB9E54AC86FC8E51973BBE262818CA354E68FDAA
108481,0202B33BBBC131DB35DE146ECD4023E2B33F06834A8463B9A4B5B498122B323A
19295,02EEE294EB3C86F331311D5555DAC1832DA832A409A85548DCAD21CB8B04BC22
309,00031BA0F95F2312BB64E34E6D56334880DB89EE5D68A737F03E2C7FC43DED93
73061,017E08CCBA6331F2DA5B87165206C9BF31E2921A9164B24DF03F407CBACAAAC5
9917,01B9A421C0D08F5F38C0644678EDC03B4B6A8C9D12042FC6F6743E89FFAFC808
88392,05CF450CEEADD22EA5FABD8CF4192A6940B2B9CE3A5AE5A48C475436C927F0CE
152164,05CAD9580721CB794A95149C783C6166DA4EA5CA320AE01CE08C1148D8949DE4
55101,05C1A1ED0D5A2B6E1A7125E2237F27E6C09788CB59AC802564362BDB283705B5
97286,000B454E508A43BFA9C551B3811FEAF9411E5EF91734E120D33B13987A8672B3
26436,089065D3391B64EE4085097799DCB2A27BA5FE2789E76FE759D5B72A91DA5343
60666,08A839822245A70BE6FF8E80127C76524692F935E1B13804050F638889CBE1F6
107382,01C7C2EAF5EF94008DE40F475CAE0E31596C9713F918C42870D54B0296ED01D1
115794,02F174ECB0D4200D216048544BA0347E9F5F1AB9A51C7FD8214F96ECC93F8675
97071,0008B4B6C1A7190751CC51F65408DF407A72DE429F223F68515445D5D13174EE
20987,0302B47FA714DB7C782D4785474A55B4EBD3A742F8D75714F79132B52FB594F9
138213,01B9394F82B186100D6D5A145B6F25CED96167A1C3FD225B91BF63768FA2519D
148813,02FCF5889E9AD787BFD32D499F9C43B054F88942760765C43F06509C592895DF
155039,089377787FADC533D235A0215DBB5C153B3E0A686C611761CB2A78CA8F4A4443
10838,01C41FAF92AADAC71E5315EBFA4DC81E49147CA9B3A7122C0A2B59785EE10D5F
98438,0053837027D1711577D437C16363486CBC7DA9AE687D1CE8F1039DEB2B28D615
117576,03066DED8085F16C87B37EDFD3F530111A0D4FFA611FE9A6EFBC6864D35E67F6
43461,01CAC5B24E11CD015636FC48C5EB7643170D1627CDCA084FA93D80DD149B60C0
130152,004F3BB4607A768B4881927E2A9244B3EBBFDAB667BCBB098B0D50F13717985D
106248,01BA83392DC6FF8867F9313B98843FABFDC1E1C9FF6A8BA15C824E0E3773C274
40074,0173F3857E5E428BB133DDC32D0785B4E9D695598614782D446750932C0CAB68
48113,02939F5BC0A2702F969FE63B812C429B31A4F9389747AC3D787050309FA5F662
89935,05E0041F2248FD29AE00A7EC2FEFEE50C89928B43AD38D9AC4A17977BDF9B94B
89067,05D701F4E5DFBA053F75FF03BE42E4EF369F64F35626A0E81EFD2E8AE48C24DE
133519,00756009169A475D479ADB735888D7D7D4721712A2F9A7E1B035511655C950C5
39842,01715BC18F46D306AF600136955AA6399C7A6C67CE79E469B46F2D668778D31F
892,000998A7943BB3F863FA47FFB8F3AD2850EEA287D5E0F825EF3808A04E5DB069
85400,03057D396CDAC0B76DF11D15672BB3C69BFEF85D9CF33BDFF873D0A17500B070
69351,00756009169A475D479ADB735888D7D7D4721712A2F9A7E1B035511655C950C5
45239,020CF868ED8E08E35D6029CC84F385EBB5D68124EADB5C7DFCE1060AF651E5CE
42677,01C189A794A95E09FF3D1B6518DE09509220744EFDDCE2F2F94AA8F9BC2DCB81
5064,0073D413E62343BCE93CCBF611D9C0B69811E80B45D5F66999189AAB55210EC3
134705,009C2FB3D67E86C084B55C0B8B45E6A1FE824782A0B0E60C9FAE32B7C5CA1AFA
45587,0210CD30EFBF51DE981638C6A2CF64246EB213C237B313E6D7995CB602D94F2D
62817,08BF71BC09F300A33E81444E744AE06433992637B7381601D55504977E85A909
33727,004D47731D0D78F77463D869B63F4B061FE507BA0F1FD03BDA5A34FF68067194
168,0001AC1BD6003B47E8E81B6118CBD30E8DA575C3FD5C1EDA7C3D05BBCD8D5C41
153372,05D87999864ECFCDE4EE80098D5F344B9F24E377802136ADD1E476080423133F
13041,020B984D7FB431D38437CA7E8D59EB1C0B507C9F727356D52358081EAFD02942
36374,006B5724438A3EF3A7AC772C90F38F84034ACA2F63314D3A84E976CADCEC229C
38822,01255CEA4E853362A34B3AA832AE0E1D6B61B0C7402DBC631BA82FB8162A6E35
6975,0128390667EAFD7C51F45CAC6C9957AF963D7FA14FD43BA03F25D8B52C183DAD
150001,030A1A141E40426413A29D7D1573839C1FB2D28691327A8824FAFE0EFB79AFD0
59707,089D370C596BE8EF2E8F1E0A2D3D1BE855E3D6EFEF8DDB738DCF6E16CE4C8CD5
110852,0250B8910C266CCE70BE1193EBA7D2D67FAB4665ABAF122C201DF57EEAB98A34
136939,017AFEB412FC3AD4AF0570C45F230D56989F2F898DE8D9A858C072B82BDBB6AB
82417,02E2F58AA5EA75B386AE58A8366052F4EF5EC67D154454B1408D9F92F4D5DC59
26233,05E4E61802BD538E32150873EE0C76A12F3C84C6693E933786DC9E448D0D549F
115811,02F1993308815623275E9CEB99D1E0F49CACD3F5C570C35195B3071C193877DA
19434,02F06320C8CF1D466228077070C513D7637840FAFDA7509EF79BE18C8F8F2E2B
120700,05D1BE2F626ACEA906B55DD1A91A51FDAF34404DCBA584F4629A9E3E508FE490
86407,05B92724F22D8717E9AD48E62D4C62384B49D9511FC3FF1AC73063466DCE7F43
78428,024CA787F8020F74F85AD90FFF62FC14969429627031934985DA88C711965153
40116,017461DD760640677C5F2B04FED35EA8F5180D1908CAAE18B31D8F4AAFBC882A
31819,0B70ED1F214FE1513BBC473047AD37B5BD74F4B29CF2BCA6B9C694EB4270681E
158758,08BC2E17CD7143D85783768438373C5A45EACBC82CB2272F5BAE1E9AFEC661DF
1781,004ECAED8B80D69C3F4A7583D6A4FCE378F09467EC27B76CCAEE5D0338F567C8
1990,00513664F9AD600B82B9B71D908C666059E1D468FC81DB474D7B603DB3AB7404
72633,01797DAD5C29B5070F0446B0E9147F38694B5204000D2E0053144B5E3BD89C71
10808,01C3B9407DEC2DF6EEF2F6743E31DED17377B39AE84B602A7FA795C119BF11E2
13093,020C3E81C00CAF67501D8A5E6D695EA698D2C71EEB011F402EB5FECD1F9CA44B
81448,02A17B391AB9D4D5C0BDF32F8375079E3BA39F13E73AEA060F03AE870E0C9FDF
51900,02F4A7CF30B558F37C37C7DD969A424DA036E2011937BFBE4961F0855DE79A4C
100686,006CB6DEBE5DCF6D77E4CFAA2A75FFEA89D83C3388B0A1C1F6F5327DFD6D5A58
140276,02000113C1CFADD7F85F667AEDE3B78E4DE76C265E9ACAEA57DA33EBA90727F0
48071,02931ABAA0840EAAEE2AF42E7315A29FAC4ADC4F581CB431F3473305BF64429B
79982,02913FBBD22D143A46326AB4545050086B27DB0E137698DCE8B86D318B3484F8
8482,01799A11AD034600F51162865739A3CAD0B595B8BA2215E97ED3D856051D55A5
116088,02F4E371C17975EE836824A8DE3EEF0E04BDD5A5F51705EF1C0F3670301C658C
90738,089203409C3F4A4035117A65758813D0B1CF151C5B06D27AD3DD7BA6CD618BC8
141375,020B9818790931284C6535450E48C93F72C47B19437FDC1EF3338E095C935A44
47938,0291A4215141BBB7B889CB6F4DA6FB1E56C880DB6C000AA8A5161E5439303F96
30331,08BB3269248B161972077644EBDA17162D0C4AA2D7A9FCA2AA07843BE7817A90
93624,08B1FF8F14F625B15B8C04C4E6C1240BD6AC3BEB8ACA2B21F0A289F3238B2392
47821,025DDCB3F0786B175B8A4A9A45C99FA9EA130ED82F8825A9529156D9B697FEB3
98177,005060DC45F2C5CA3CD27F24D20BC43A8D2F418BDBAF18EAF73C801020996B06
41016,017E6B5991DAE55F5FE358A68EA0E8EC5D8E171C748386D80E76BD23A7D00890
124873,08A89886CB8F7F638B9007A384EDF2DDC9AD4835DE976F960C0435681E78DBD0
47466,0259DA0D093911DC2F5EDEE9D1170A56F483362442D0B3EDF1E10312B5DB26E5
28575,08A82386724FA9C3DDCCFD5EA01F65FB2A97C1F7C188203C7098B56E72FF3BA2
97844,004C98EF54EBDB74B5997F9ACAEE975FE1E59994818AE8497823C7357E9137E2
118726,05BB9D880DA5BC881B8B464E671F43167665A2E6C3044B504AFA5F31C9BC6F90
79511,02596AC732ED82335764699CCDB54382E6CEF4AAD270F164101D85388DE1AE50
31750,0B701C24DFCE22105A59F96B1FA036CBFFAE90418A335D7A52D25D05A4BF263F
123502,089932AD520AEC7169FE5801DAE4CEF2F40B974E6DF8DF66C81CD77D0087E67E
114862,02E6F639B0D9A7E116A050462FE544F5AAFD06779C345A3D92E265532CB2693E
41344,0181E06F4FF03B35062C5399F5C2C5B88D6B5F032AFF98E9B2E1603BABCEDF4B
40661,017AB240600D999460F37166A5DE3BA9F42214549EF4E32608F2079F5F138043
152011,05C925221C7EEDA67BA5B3A20EE7E7EACA84E9E756DE29EF900DBF5C0CD8D029
58542,089091DD80F22A4614465F1E7D954F33E6ACFE2BE931397CFE0EEDF0FE34B3B2
53105,030315C8A585092D7C7F0B767142147B6159D4C4A96D23B3CC9F86EA7F3F35D2
41858,01B82756F95122549CE43F27E5E5A9BEDAE19AF647EAA41E6E649752312569DD
145285,029DAC0ABE32DBE8D65E848BE00BCAE00FAEC20B2627015494618A7329C9898E
16578,0299CD6F1B384FEA73887818E8472C9401A53789E49B0DCE50B29A8BC2C3062E
69582,00911B74EF2F894D20E456105D38C485E7FFAA16D2FA801E41C96B121DE3BEFB
53441,0306E5384369576D6E98CC0933A03788518379C82D29740AF17F933241F8FCC8
128575,00026A91B6CE71C9E93197FADAF31D5DFC9FACE0A1FCA83B6A2A4D9790C6BD43
114074,02DE1E22257C46F89E3DB19B3A617B7A16D420ED98041A7CBC8DA992671760EE
41150,017FB039937E66A30B11721D1F169B6DDC2C6DC4DBA46F34A8DB69DE78810926
12023,0200C1FCEEE25E9F26AD24128716A361399FF05E4639B26D1BD1DF2A3B0F2EE2
142544,024C1ABB24F8FC6901914CC3A16544FFACDBB12B1B92C4E03DDF7D8B9D565A45
149813,03083BB990EA8273EC49429BB4231DDF2DD5911486258E09F35B8DDE2033FB3B
83199,02EC16C7AC6748EF92BC76CF2A601B5A03EEAE7D09790F9F76EBD20AD6FA7479
79985,0291497EB7C3B725E6A3E17D0FC97E0E13BA1B5758E5143F3836FD476F9AFCA0
76493,0203FF945435CF8915A3B7E4D8BF22C101780AB1B99B277ECB7A86FCDF0E70DD
116144,02F5971684EEE0CC28AB085A4395E3ADD4B46B87ADCAA11D5D8B32C4155F01F5
79697,025B973DBC0BBD115A119D86227909E80403B8C2C227045069187AEA0E1CC9A4
8077,0174EE04B4C40C2457F3D294FE31395784D2B09F562C4CC419C07587373D0094
152714,05D110872887BC2B6C082CE99E232578667364B1BFBB0EC8F1DFE2BE7B6F73DF
91576,089AB88449429D33CD4A7B12D8AD2EA794F77C435FBD54488CEA961591780D00
114597,02E42C12CE6769BBFAD7D6842A196B94D6A6EB801B5596E9E7EDBA6784576F8D
657,0006E4811ED84DF371F307CFEA3DD8234B6480428796944CA73EAA558311F4A2
20328,02FB2B4B2FD517DF1E512C195E32629B8CA3697799122C9B0D4EE002EEA21EC3
55503,05C627289D25D1E376D064CD394B2BD275CA62A93480AED3F248872895E3A8E6
125400,08AE74A8589E87B06B52303EEF97C846088484F7AB613EA979F59C05B3351D28
141456,020C8765B49545CFAB4E544A8711952C73FB05738EDA56A676B95FE0476F8BB0
126550,08BAC0EBF76FA4D1B91C4FACF933A3CEB04352D2796E5225E692B772B4ED0F5E
24100,05CE0904675340CE9FD46925734DAB1C500A8D95E65AF10DCD12228E7125B99E
2532,005753922D1F54238770A191A63AEDE38A59577B82C3825DB51D0290DD5EA720
78940,0252F440F135E188D021CC1D2A4EFF9AF4FCD62BFA09915D63E255350D413B47
25964,05E212762320BCB6D69FE6DC48155A1AFF9C71EB68A33CA035B98731D3027EF0
96861,0006611110F333BD55FF540BB62C22587248BDF4FEE94AB3EC2EB649B0673548
151248,05C079BC5BCB5265FA89E2A434F89BF243855CE9C30131FF288AB82708381166
60449,08A5FC5B8D65531583C144FA947FE800DC9AF606990F31E203AAA0F2823D4AFB
54410,05BA38DD361C693001674DB7D35054B9024D45BD01AE91431197439081B61173
138580,01BD8E64365D637AE6B30495727089B48E719E832E6424CF10C3D61C90D4AA56
77929,0213B06022CD26B48924168295EC8C304A2EEA0AAC1743537FFB48A94CAC3DBA
5393,0077AF48C45CD15D2BC092D9C4DAC7432AF28F94E19CD7DA070355BEF78EC859
153384,05D898DAA3ECD43F37745EB65BFEBD703C05E8E96FC9F960809A36FC84BB364C
451,00049FB21E2D75EAE628D4E367F709E63C06BB7B144B2E78986D37C1BCB7F223
98653,005600FAD8F71DC3DB5C76B7E10774A48640E98B46EC3DACBAD98F295FF9C68B
58377,05E57026C7566D18A4A19D4F2C2AFE84FDFF56C54BB9A41F143CBB4C89B386BF
128172,0B71D6A7A93E8BA5985BF75D5E4E98030C66A8AE30BC2A8B6ABD8B1C4E27BA6F
80284,0294B2FCF366FE4BF6800CABD5E1B09131A5C2BB7D1827EF581C1017E71F91EE
116174,02F5F24A4AF2A687B5D0CE687B678182C05AEEEEEF57C98B4783AFA062EB005C
85543,0307270A101E37CE66D9B9053EF6751B8CCEF4FD098A4E2372F22254AB62AB5E
38845,0125A7C27B71C17B93D1DD808484C3EE3AFF5DFEEFE4ABEB22B38ACAB25E5724
125818,08B33F2C96A6BF96CB6F50A6459CB7E18950C5BB98D342DD8DD9835006752FD6
120327,05CDC32FCC2D05245C28F6CDD9755C184FA1B642AEC40638D03FEE0C0F1BF6DF
9264,0181F2CF7587411A132B4EC2B705494A6B11799DEE12E4483C75CAF3AC9F0956
40454,01782E0874327124DB3B0F7CDFA5D9ACE0E106D739EFA05D004F7B14EE0D0031
134934,0123B3BA9D7BF1AA7DF6140CC11B7FC165232104D4B2717235DF5EFF914358BA
112628,02979859E8E8B5D09FB7938D62BA04C9E92D5582094489FC69FB588EB6D62092
70401,009A7F4C3E870753D665182C3B23EAAD8C3B1A5397DAFDCC0F5F80BEDA64241A
61962,08B69CBFC360BA89381D8FF08CA9D8C9711BAC12531D02F63A6A57402E1C8D7D
37026,007269DD40C1D3A1A7B89EB43B20FA3918885C9C1EF661DA09D6C30A537D4A20
136517,017600F806A910C29F86887F8A7B06F03FBC9DFA4FE07D29B5E7B4E6EF2E3532
13615,02120E31ECCECED86C33FE4C1511AFC34C3965C1F588D384773A66AB96903617
131748,0060F08EA88A370A18B6745BFACA69565A1B4569F3DC2D886B528F89C70B4C63
133306,0072B8E1826D669CA7E9EBEAE1D729351CE853C79B110B981592188DB5784C07
103728,016DF81AC69E7991C5D3A976EDF09B5534E992176FF4A4B7862006F12C3B3DBC
12889,0209E1F6DEAD7CFC010B95064AE4181D5942531E82EB09645A0A7B2C76E1EBBA
149270,03023B8DAC881351BE37111FEF56B5EFDC0C7194A2E025DC87C9D8CA3A5B5E2A
142032,02130B827E529D7EE947DB6CF81862DADEC6BEA5F5F58F20FC6022B38FC1E9DE
51855,02F422B85792F4C7EB4A3C5F9CAFE6F409DB6C34A4927C9B745F6120A9E125AB
36017,00671E7D0C3E3E0D52B60597C3FFB1CEBCFBE2AE85AA6B6C3FE445F62B3ED056
146193,02DE6DE0CB6D75626F8888892311457F6F234782E9AC90602C03568F1B4C34B8
37425,007728608447A36D027857671F712662498928D4B3638D92A2ABF432D9CCA497
98833,0057F4B8570F71525C086377E5433283610BC6265B2EDC02A6859A67679ADD4B
143201,0254192FAD79F5C3934956406CF02586CCF7E47BCD0529AE70890422D640497B
22989,05C149C686445CF80D593098BBB6539000844B546074893971128A1076F51920
81718,02DB2E9F3DDE39B115EFBED0F41D427EF9B21CAAE90D2FB841CEE73D106ED788
57774,05DF50E80038B3B942CB08944B4E0FD7FAC88B7A9A03CDEEC311357F3551D831
158092,08B54C3460EC7AE34712F4D67EB3FE2DC12735443A1DED03795C39FCF35354CD
85275,030415BE73C9440B6EA9F160D8318088013EF12064E0E6B57877450CF961F6A5
89097,05D74F0E638DE050A58A229496BD3E25415FD037A0C15BDD3CF2071ED50F81E0
77411,020DE2B365FBCBD8AD6981C07D7657C4C4597218489C0B1869245C2363DE03F7
21458,030807787738B41B9F5B98FAB96E972FE0FB623CD78C3B5BBB5FC94CAEBB3C70
131205,005B3131F0602AE67BA027EA39AAC7C9F69BDA51FA4192EECBBFE76AC7987DD2
148497,02F8D944B4465B13533128BAABEFD347385C1E64DFCE1CBB0798C0FE428CB4A1
71596,016D90D25C5419E5DA996D5C00B173DAE1148747BD857C4145A2A71A3F7C3765
128635,0003058B0F7D5BBB158095F1367BAA844CF0369B12BBF1934E14962F12CA257B
156080,089E9FC50008017BDD31D8296EEAA03FFF69086C3688BD6BB3AADAFFE6F722FB
59904,089F61E4DF4B477D4C8EC7A1DBF24454EA0691FD53EF35C9841A2B2D86AE9C3F
35524,006145A15F23938D2B327177F7156EE7416155F37349DCDD4B5BEE651FAD6282
17998,02DFE7F11C277F35CE1AE0AA28E997D8ABC00AF11915B5B4E1D2CB0AFD0E4E0C
49428,02A201A449D9354D76C0F54C37D56ACF0D151D98AA759D7F3656AFEF4419E944
69331,0075293168D6220C24478D7F9D853B0605702FC069F8D1DD0CBF2D8E81E7FB92
101151,0071F81ADB46DA7CAD7329C0C8E92A6B1C7129BC2033488A1C87ABD952156ABC
110271,0249FF12FC4A4A127F7B6397080F94FD43A69DBA384FBEEFA6A432025918384C
116405,02F8BDA0157AC9131135BEB542FB1F0FC501C1E153CF284E4A10256CDB711E26
149896,0308E4F49046AD6E6380BB786F921134B0BC7A89F409C2C23A914E41F8F2FB43
108470,020283ED915813A22DA2FA7A55D48C269651B6FC91B459CF19536DFB83A45A5D
42889,01C3ACC8DA189FEE67EE9B58ACAE119C6EEA894CFEBA9B0F5B7D6800873C0DFD
118438,05B87FB4E3BFF9AE467B20E34AF624AD05A3FDAEBC0C097D657418A7195A950F
3341,00602F0ACBF820BC53D8C82A3E2E440C34D4AC799F9BC4F0A450E81821CB71F1
79640,025AF1254892CEBBED9E2F9433B9662076D6E0D079F57049FF286A3BB47DCAC7
55046,05C1000AC6FD1C921B260F9109F95470781A3292BE80498B91ED82F4C8D96F96
89961,05E046167D8FFF969782E722BCE7765557A35B60E25634CF9433683FF7CABC04
88082,05CBC20D44C285C150ACC35422455244EB133769FE855ADADCB456ED6EC62309
136209,0172CBF5E8CD57A62F65E371B50D5BAE379949CE2A4450AE0B5CE755144C37E7
68050,0066989D9CE3459BD35F543F21BE08B84EDEC0EB509C5738CA7624F971ABD7B3
68161,0067CDF537AC0961C509195CEBA9B6D967DB310CE8A3425404DDF69192144821
150376,05B6EB6185523F898F29F79CEDF26A0D67C5A6914138663497655C6876649C17
19922,02F5F24A4AF2A687B5D0CE687B678182C05AEEEEEF57C98B4783AFA062EB005C
6728,012543E36597BC1D9B005433C9A1A212B85DEBE87B70CC44A44A25668227B610
6344,009BE433B6D28737C6AE602482F55AFC9E7B208643473B5B55908D29ACCED7FE
156594,08A4DA3FDD69C8E584D0F50DFE821AB712A7B2474BCA5F0375C1EBF8E4B541AA
158718,08BBA7C99E03D2C8500CD1A7498EB21B7DCA986B4B49A3A7BD2DB86AAC02CC5D
29818,08B5FFFA632F4D5DFA32ACD667B86D404CBFEFCD276091040ECA24F9D2E898B8
48886,029C0DB71DE3BE478E379DD2443F1AA23870EB0CAD5014F9A784EBEA1AB6F3D7
12857,02099BCDCA6A0CFA4AD21EBB0A8965A2B546CF8709B20659D07E40DE64AFD469
153154,05D6335EEDE6216B5DAF6A912F4D8DDEED30384988F63898979D9B9605B516F9
58998,0895B07F86C4E6C695D3D96F92E78046C3366B6D277031A34941C12D74FDE632
122485,05E4E61802BD538E32150873EE0C76A12F3C84C6693E933786DC9E448D0D549F
86472,05B9FE6834A6CDC9EFE544449E5CB51B613FA6C856474539DEE23A73D8BDEFA2
147402,02EC6B4D3D00EC282860C7C72D8E825259A8712231D4ADA0E652C09EFBF8CE87
118247,05B677A3EE67B18A03D07F77BA455C5CE90B119F3E5D352D5E0DE3F9E4012474
91358,089898FECCC6144F199F160EAD53CCD7D4249F34AD6E761F88AB657FA9CAD25A
57823,05DFC7E7C482F5BF65239DB1C1FA0C9B9876F85BE0A11B4C226A70443021AA10
131930,006325DDDB03C91C739969156DBD9715D238672EFA3E45659B3168AB06C65A08
112984,029B3C24B63470B3083562EE4BBDCE4848E42451B43365F0AD87AD5C44C697FA
140586,0202E8B30A0DA5D419423163395784CFE4A398995888DCCF7146A94915C93A69
1410,004A71154B420FC20B6A0CA33DB04FCDF00C2E1C65E4A3F7096DD13965D451CE
51242,02ED66EAF4867C22B5DB977F093BCF5075B5D7984E46E83B8B2FDDAA2B832A0E
72336,0175E385D8674386A7E005D9A1B7E837C33F35235101EBC515F4267EA0B6117D
61892,08B5E9C95823BE332D15289757D350E717EB6B29B0F6F7189267DEE73D4634A6
112950,029AE9F1E6B2549D8CCB44EA6F88A629FC385F6C2984676DE96968E30FCB398D
32760,000712A7C80D9AF4E015718D47F46764318E13976EA8F77BE8774B9E292BA0CF
134277,0097245106472F84CE2FE055612D10A534AF6EF3DD5C0300FA9A8BA4A35EF209
50878,02E93725180D52B9FBC7493B2A50E800B1B124A306E7A3885EBC6488E5B584EC
144546,0295E10C48F3C9033B087881D3DB454C73CE00DF0DEAEB04AB39398794DEC746
59032,08961B254892DB58D8137763BAEF6695594CEA7A2151FF91292AABAE458C07DE
152585,05CF8E4F4A8337643B4863DAD29D3B203B48EF34D01678C2B9C9D505320D2325
131101,005A2D450AC59E313824BBA27C84D50157F28A4581B8DED07FF086F47CB1BE23
125537,08B02989CE547CBCE09B8D4E1A7381618B7802031907817B907C7D8D25119989
133487,00750BCB1221A49F327EB4BD77729697DB12AEC8D281CD81A0383BA978040ACE
26198,05E494073B00C4C512EB07DD5DB446BB567856D0DAA5ECE368FAC741A992384F
41330,0181B73E9EB221C8D75E0C28649939F4C47CEDE98AB71756A980DB88C8AF64DC
17420,02D9CF3A6CEEE91C9B06591108F4BC2A11B5975679F2AC6A09B22C6D919D5D89
139512,01C86B7AD60FC820493D3BFD3FB82278067A5526FCD706ECB38DE56BA97D7C28
26382,088FD9D1A4F133BB754F330A5B88E76B07CD47FE01DEFB91E98354E4AD6BE972
125065,08AAC705E249F7D28640E07B257FFB5C6704BA7D067AA06BDFAE4E5A7BD0CD06
59531,089B24101056FBF330B40D99E905F0884BE350B5C3415428F56AF73E5E288ACD
72318,0175D229A35FCC97EF9E94C0E87FB450522151272A0D85A5A04C3DE43C589686
125655,08B14B28E22CD6C3D892347D9254E6D26AF40DE060D0CE075EC7F11A2996498C
122130,05E13EA8503D92609CABB86257865424F4840DE8333A8A9BD5580ABF60D1243C
76111,02000224A7C03B5AF4A3F5C0313E5D8799932AE38EE8998D468FBA772E48BCF9
110611,024DE40551D4E89E85C9B0CF33A81876807D3D6108A46B300D7F127E287F5516
68001,0065C98B27388018D9E1944442AFC95F972975B5B6BF3251F469E95301E86D6B
55357,05C4AF4B9CF65B0ABA3B76F2F0D66991F1031EF05B16DF81A1C97823781C9161
151775,05C67532ACD320DE1F5EE4A030802B7DC0E891E605DAAAFB0439EC0467090005
151315,05C136C7F25DB6F7F4927A014164B9C4395CFFA38E78ACCBBC34856F282B4A07
19240,02EE26FFAC8EC5A606394D0E99CEDB43B85595498533677A153DBE530CB1FFBF
108958,02082A6167DA68C439EEA0898C924BA24D823AC9D667E057ACBC39A94FB0ED53
18548,02E6466EBBCD5AA5A18A3760EAC7355364C96BF9C120CE5DAF00872C554BEC6D
29873,08B68263BA7D2B9FB783836953676C821EFC1F64D9060F17136979C2FA6C2893
139787,01CB7F935A0996A5445A41DF078A5B5B956FC657021189E2DE4CB725E06D1967
40154,0174DCB22B1D1BCCFA63B3BAAB775B5CE4E0D57E4B8BC4231333CFB08B37172A
10498,01C08FCEE6BA1634EABA98045DEDDBF5870A5E4A5CCDB8B542DCBF80BDA4D6D5
84489,02FB176436DE3347589377444A129BA14E404259235437F34743DB2BAB8E596D
63019,08C17915ED769516EC0C2393E5EEB414724320DF6B8D5713A812D064FB72AB91
65714,004C07C88C11F747EE431962B18AE6DC3404A10DD88A2416556ECA53D84BFC5D
61081,08ACAC1F3F5092C96A39CDDF28261A7DBF39B831590762FD6282667C03A3FAC6
104904,017B93855792C2DAB6DA1CAF14722B2D3DF79015F56BF764CCB046FFE7CD83DB
156782,08A6C5A633A9E436786FA92F2090FF065CF250702AE1195831065EB5BA1B1318
25605,05DE6FAC08C234CD8AF1D544ABE467D884BD6DC6B5C3C734CB8C1191632BE758
60426,08A5C609CE16147506E449176B4D57FF40B9E5606CBF17F1059F1BB1226BF9C4
155950,089D14A3B8742CBA151850843E2F46961CDA017B4DCD7CA8447C6D934DA0A1DC
90333,05E439749D70DC2711983E48F5F05255DA5C305EF087E4A119A84B911D9CCCEB
128441,0001227D8A62B5A3C212665FC0F3910DAFA9C2DF4E1275D27BF647330D3E053E
27331,0899FED624B7BD39E0EFB5742A6B6A68D5C7D566D6FEFD5D200AA6A30C04988D
9430,01839490313B2C208D987A7124D1CA744C5DDC55ABC3910BB0FAB305E7EB3178
91299,0897F5F270B85CB4A2DB495F9B26CDB20F222135220790A27E3E2D223E26F48E
85249,0303C1BADC3A96E2B5731628B1C563611786838E2A05AFC730D9CFC012F1F4EE
63027,08C18C36F4C6AC585E3D123353378229DA93414558E238D5058E2C95B7F1B38A
103967,0170EF565DD14C8C730E0047FC2F54739DB262E3048E959622A334AB36F1EABF
104689,0179264EB7BDC44079A469B6234EBC5E76AD6D3B152CBA554955DE1C9F38C80D
105323,017FC1AF8B6BB686B30AF0CF4FB5E3EF23C9243F9141574009B5A27635FB2969
146534,02E2601205CF49A313CB851F20F2649283D1B888BDFF54AE4A72280D12E49889
95103,08C17915ED769516EC0C2393E5EEB414724320DF6B8D5713A812D064FB72AB91
70882,012517000D5AE7747E8C02DE1127729C33C7CAF94805929FD4FF2B065B0D29BA
113420,029FFCBDFE24F55E1918AC7D834AFCD06A3D0E770E0EAEC26EAEA85DBCBF6197
28359,08A5EE4106D8EB5F39E747EBE3CA634876733900FE96E21D47522C1BF6CA42B9
21737,030AD36F1A8B3CEA861670CA17A1C4A09FEEC2E3F7BBCE6A45F5C6F718804D70
150767,05BB39E5B50C23025879174DFDF668637CEC489928450F6798DA790B6C4F3BEF
156391,08A221557104707F1C06011EDACCA330F66EEEA57653B10BA9B32171AFC76243
95465,0B6B5F124F6F4DCAA46050FE081BFB8A23CF474B3DB2C278DA926BAAC7CB3BC2
98927,0059265A8DC1FA5F7CDE84B5970F016B8BF9C9A5B473A6449D3BD4C0F6A88FF9
48001,029274E476660933A1CEC817BDA5065A8B28F4C6E93D39CC192A0758043C7BF3
84948,0300717DD655D3BEE7887C34F690528A08C9841EF7B7612A90B387E547E70EBF
159136,08C0210C27B97BEB00A8E07722CB4670829670EA41B422A2ED17895A8F43E0C4
150752,05BB0C18B7842ABAEBA3AC6E25E7801B71A52AEE77E5BA5DCB096910303D9CCE
152145,05CAA410976A8967316BDABA7EE72AF7D044F9D3D4BA122778D5C06D45684A96
65287,000C32D446A831E36F727F1331B0579FFC6EF8E8D133CC024F3AF3333298DF85
52073,02F6C581CF776AC3F5D3EB439C26DCB4B15D22A56930FEEF82A1816F3C9AB5B0
138477,01BC56A2830483C193D3D4FDDF78F75E4DFA29D76E28BECFE38AEC4B638F7539
130744,00561EE564A3B7FB127A5FF561F93EF240D41B95A44D795435572B23FEC38A1C
154017,05DF3D14D3A91AE0E6EA5281C87D7A874CF32CAD6D215907AB19A504904E837E
110187,024918B89EBEB9D92C62A25340141459A04855A59509D38ED885B94C88BB8BBE
71334,012A3165C8FE0EA10E65CF36C4431AFA2588AA52C8BDDCED8F0B81530394B431
54022,05B5C66194AAE7856E0F89DCD335BA4DA9F5CBEE43CC44FFC83E8E653C731E0A
60421,08A5C0F031FA99E2A132897D5A51D82B3F11E64ADCE83BEEC534EAD1B9426365
50002,02DF074D466C6529AC336132FC7260623AB1EF4678FFA8C0F622C08D3E2A3CF9
122949,089365349397F4C1D1FAAA5294BC4845684FCCCC4F380F655C775D4D065A154A
6921,01278D74CBC6D0A28D75A3953D10FB62AAC1D9DD88AF284306B78186DA228378
48990,029D1AF3DEC482DEDB7B62BE9702A94B4D33EDB6BBA2F8E7AD0E9DBB88368B35
66993,005ACFE7B76D29B2603B5093F58EF434AE3CABF8D6800A8C239C04DC32A48E57
133032,006FABAEDFE4B730DE9B56B12A4B177462EBA61FB00D2FC6930C262DD4C0EEE1
4025,006830FEB20B290C536E7558C73F868D9FA152FBACA28FBAE219AA65512E9441
90267,05E36ACEB030EAA7B1B2CF5054C36F6FD2ADD88049C3133C10D88D3FAA1F7F23
129183,0009018035E3FFCF0D0B1DF0330915C4D0854B8C58A21F28872F6F397394552E
85015,03013865D255A7E2348C778A0B0852FAB38FABD2492B9E9D0E33ED09CE270463
96363,000139D0EB27F58C49C7A274174EA4BE95525CF57D305504B02363B67326BA06
67562,0060BBB93C54BEB03C80698FB5AAEEF732F2A5B0D86BF723E53AF58DFBB6ED86
153886,05DDE42C9BBAEA1259B74740118FF8C6174AB71ACBE883BF01F86B3D1E6091B9
20445,02FCAB73372F9526343D99CD77F3BCD6725558A1CA4031B75576543705183F37
96084,0B71D39EE5CADF436A27EEC0CE6CA8E5FC65BC8DBC0FCF4A5BD18EFEF1967704
117496,0305A3F9621308CFEDF14093BE7E951564B6E0FBE837E0E9F35EAC78D5271EC2
86725,05BC80816912DD2FF6B71B5FF253A839786F5BF563E5CB2647EB34941256CE9C
150845,05BC08E831314889232D9798637AC45D1EDD97FBF1DE4FA4F6CC54760DBAEF17
74685,01C0DAB479561A925F437CB32D2DAB3B29A31A25049AA338CB4DFE0E0E7C62D1
131735,0060CF7993A57E57E0CE4262D3D6A52FC2FA139057DCAC20D75DC6B253B59898
64755,00062F256C99D412D5EB923CEFBBCB424EE5F875EAB241D33F28492BB1EC42A9
32563,0004E4D878856D6F537D8508404BC9A347FC267CBF280C4057C9461ED4E8493A
128630,0002FF62D65ACF5CA8F0624FBD31FD9B7521E77B1A4C2742A0058DF4F6B65B19
152632,05D01F8919A6B1365E9BFAE83EF5A2210CF5C8E0BED31D29B11207DB1413273D
129653,00498949668727A686F925B512422BEB871A872BC2DC3FA2FE6482051180E6B7
108272,0200B8A339CC75196DB7041A59F552F2F222029754FE64B29C2D6BB46E670C12
86087,05B59CE465AC4859012A5F408FB9029CBB05A37BB22BBF6F7F5C5986889FEF4F
116706,02FCBC495803AE483779F41EB6146130AA4C7568044BDB343CD0A1C8012DB220
31980,0B72661C03316202C8AD63D4935C60479F0AF5C5B608F8E1D010C665D46BBAED
66268,00526B8BCF5EE6403D8A5F20776EAF9D439650A8FFFF41E0ED628792E1DFE2D4
72608,01793ADBF65FFBFDFE38E52A821DF9C52C199E5B3781B1D8916DD26B301EDC99
126998,08BF9C9A3C5E48E361349E41DC2FAF4C14C99CC909609DAD8F856B008ACB06FD
72072,0173091C8A56AD0182DDA661F097E04685F08FDC03800AD8E45BEDFF80C14BD9
30030,08B80BBF77132C6000679EDB38930F6EC55389D520C1A6D62455541418521131
106950,01C27D9EF79F82AA4CC3FDD366DB9A2F429C926BA99798D35B2EEF11D8AA1BA9
134900,0123659550D986BAC25EC943203ED81AE1273FFFE99514E420C11B6DEB9B4A04
136341,01741ABF06A5A7D45D184E2A67DF784BD78E0522FD0935254F60AEDD7C5B3462
36494,006C7AB52EEDB830CAF3B885749342A637F59A93ED5E703415BB60234E1D8024
123542,08999FA4A2BD687CD785C154641CE116A4654E963A10361266665E83E941B87D
55180,05C2BCBDF9D77694E093A149E5A06A44E80BD17E61F1D1C498C445F769BF9E57
20931,03022FE622B01B63EE4D867CFE336EB1EFBFDA37D179EAB3B3D5B27BDCD77E8B
130882,0057787805784857EFB7995D39E0C87A282F42B3B343B4704E8A38D95972EF54
84308,02F8A0CD5D96B0EF5778842384453627177BC809E294BB5D5B23F12C84E4541A
90777,08927CE501FE2C8C3BC9619A314E33A87868DC58DDFC3171101CC0ABC8FD968D
89788,05DE8F22B162971FDA060BBFA7F7F8A67492B75E4B58C5AEEB3D63E4C7CB61C8
108110,01FF440F1F6B0575EF50CE4DCCB5E3535113DDC53425C07A0059648999BC380A
155887,089C423023E973C6155A004699C60755BBD68B072A96FFB11938542CFBCD02D9
58651,089201B0FDD7AED031459A68A40E34CDB1B767CFAA4BA7DD5A7437E80EE1D68E
101091,00716B0EEED8573EBFB7E162E332C1329B29556B3816249E5A97FF920E2F88A0
133795,009190C3A517C40C9147C78F128D7C2096C9CBE9E11C28EAC16A95EAB085D862
22410,05BAFF9C281DD3FE0C4DC2A7968F491627C2E531F75E69A4D8D4C4A8203CBB7B
48931,029C767E8009235E5579BBCC4FC1914561F147CC3B2FD5B1669BCA663D0ED3E6
38705,01241D4EC62B0F8AD5B44654EFE6A5965B4EFE419856C91454F948B7C75799DC
157268,08AC039B94B42816B8F8CF18CB9B929C68F79929603595CF241D3FE7B41B800B
29799,08B5C930059A5139F828EBB054C71387D1B5425791546CA1E6A448C0DDBD7540
113359,029F476D664575CC6B8B59ABD2FC0857F424B05826EE2DAD9D750155CCEC6E2D
100094,0065E93E05495A2F6882A9F70CF0A228646410B88F57DFC124A3F207109072AB
25520,05DD9E1C95E46357729F94A69A2787DE6979F7C9A2E226BEAF0C0FA579A03867
65555,004A3594831E4B62D16F68B1C918A68BEFE689522398767D64E425026F2CAAC1
2228,0053FFD759C9C54005F1B8144055DCD291ED075AF01F1A93B6D448B7EA04C7A8
76292,02019108B07093CDE1FAD748A989E6C7D5F79A735EB4BA0D81BF425D9FD20606
51911,02F4C15974FE6E1316F36B715FF6EC00F8A4B8AD58F485748BE3B1089123B1F4
78864,0251F128E7B9CC34F93E589F1EC563563BB2FE7CB0ED70E9E565200510967F1E
11517,01CC4BBEF3B8BF2BE813C36EB387401111F9A196A7FF1C849D2504CCCAC9C69A
113072,029C387A016890E5288D0238F3194A5987AE6422A400C908E795095581F93B27
85528,0306F619FBB08F868DA8309D4FFC513B70D13833AF2F2F0FD7AFA3CD1680FBD9
143782,025AAB4B093E0F09EB9649DAE200165213213167A5CAD9295C168D57C50F4649
74240,01BB85D108D34A656E9ECF414AF84F60FCBEE28944632F65E287E6BB53F91460
114026,02DD91BE377A469FE24C7B49170A639023FD8F20BADBB749543B5164BF90338D
146454,02E176B115F659AD330C226D7F32658871F80257E9FCE904EC31E73D62AA1D5A
140083,01CEF1341E015D8BC1066E67583CD14F94E2E032375C2C4210DDA86F5069DF51
122122,05E131960916FA5F66E14DA5A89CC85E34E0BA82F6504576428D44044F4A1C44
82068,02DED69F9CA7D522DC4D68B5692BC5B4467B9898AFB86E15A103D6439EA03224
72075,017309FEB3140D27D9A279D7853F2982600BB6AEB65093F4B36EC02574FD7684
130996,0058EE8B3455A1964637A46214E8A73A7FC9FDC1C993DE248F178A33C1DC63AF
35383,005FBF454C1462EB95C1676C8BC49C94FBD1918FDB0AFB2DCEFEFA1269183C42
91727,089C593595A058846B1324B573E724DE7C4F827B19DC31B99283915525BD3944
135385,0129078F84EBBA83E2DE9533A571DFC248CB183B68FD6E377FF5254B131AB610
111764,025B728C65EFF558350347216CFE3440300E1BA593A0DEB11653361F1F118D61
81175,029E5A12B87155A2A5854CEDE3D6C41751E6F666D40C967939DF96329DFDBB72
97774,004BDE6DC9C93CCE9F6A666DDBAFD5C1255764E131D935234F0C3F3D468FF93D
60030,08A0BA81DB2727780583366B138FD09B44FA91EE4B6F6CB3D6C86C2D078F55B1
109426,020D35CC22D9043A6F733366A3BC4DE82B5E9BCE259C7FA2952DB6F9411050DC
81613,02DA1FA38FFBAA772C7F5FFFD126AC285D56F238B843F2DAF4DE7E99B3854687
60971,08AB985DCFD895031220E02C7E9BAFD3E80A34D6A5921094368CDB035D93EE68
139732,01CAF4B111EB06926E1D018FB26EDAFD33EEB58B13183BFDA35410D4449D13EF
60930,08AB1AFB15608FE2FAC939A7459249631EF91862330F65E63D446BBCB42285AF
72235,0174D6BC62209EADDCE09466DCFF600B5A4F60206B64698EC8AEE34236B2C51A
61175,08ADBD6D50936E7E7409671FA91C854FF09BA0EA211897819DBE14DEB188A521
88275,05CE1EEAB3CF9094A46570164F3B4A51EC490B1BAC1FED0B3B3A8CE4D9A69E1F
6010,0097D467422B4168BF11A27518167A16A999CD7FDCE41DEAC34CDD183DB4918F
155688,089A3486A6B3FC50772B83A0EB4D11122695BA28E7355E546416C106DCBE4052
139442,01C7721807301A495CD3B552866D4D4970ADD2F40424696A6FACF1500135BC5C
147233,02EA645CFC813B97B02AFB3C5E4E2A98D4F2A61BC3724F677C509F06E516C542
80155,02931ABAA0840EAAEE2AF42E7315A29FAC4ADC4F581CB431F3473305BF64429B
11135,01C7D916A2E25D3CA7207C050F1500B2B5C50635BA1E04451EA25F370C03C918
14076,024A9EC052AF87F4ECC06CFF14CA09B64C7AEF489C7F0D018E5B6DE20B070B64
120622,05D0ED9BEBE562E525EFA89B1A133263765F41CDEC8C2A9002D115A2F512337D
44894,02092D22A1BF4651D40999911933E40F5F60AF1BFD34CF26FCDA46AA01E72243
40610,017A0DA8C9B5618068AA6A6181B97213F1A03DD683D94F1C8D56849C07824B72
18339,02E406CFD99851B5A11E5DE7A8407619250675D8512BA650CD6D644639561477
99786,0062636B91C5AEBEADF935AC6AF5CD0BF0251E8FB77DC8B7CF0991BB133DE117
149815,03083F55E227F81BBBCDDDD9F2B0B51660284103519FEE0A24F9B315FA42C798
90446,05E549878B94AC1E7FAD1C49D45ABB1EC8EA674843234450573778C5509E99C5
149115,03007070A927DB8DEC1A53332AA74DF91EB8452BDBE0995FF04E21ED31866A37
58014,05E1B99740A4F6F980BD5E5D39F14CE7AB3E2D789181E0DC50260F04F73423D3
61157,08AD91FE65BDB4C2A929270E1D4A9E0111D3D05C3AC75E14D841DA1E6C9F1AB8
100636,006C48F6F1F844DF0C6A7BD7920F975E760077EF233CAC96323983280C141923
1365,0049FFC622085C1A6944BBF061AB1624D6D01E6EB951B07724D82CF31B5DFB29
91403,089904EA98A17A9FF7C53E2A81A1C40501298829366DCD15E93EA49D5A19CFB4
34722,0058AAD8EC569E964301B4ABC2F3C6916EED4E8D5DB82A458AFF2D6DF7BDD51F
118329,05B74C84B440E270EA99FA8D18F9B24381076CB1E56063704FC78CEE4D4B3F41
42110,01BAE3E94FAC1A705F7514CBA9363B1DED49F8B729D4040FA51671E300882ED9
139366,01C67D79CA8B67C7770F574C231D255C800EE004C688E172D6C58DC852FC6D72
93371,08AF1F966C98CD087A62C7B417E0C23A56EA19AFBBB74C3712823B896C590E7B
7212,012A926910C5014C4AD0335CF01283508F72967DE5CF243CAAFD913B89BC4289
95168,08C22BA91CFA4D0BF9DAA5329C983F3BB71047A94A10869C11C04CE059C47254
46130,024A4F11CC1EE6D2719F16B414DBDBC45B1DD294273D6F89A0A9E1AC4ABB0886
2596,00582546E09B93A05F637866FA2E7E49FCF65D211430C41070349E783AECE47D
42768,01C23CEAEA63F6325AF372BC9B42042F25E41D9A8925F4370CF1466064276BD2
16080,0294584B82412C4ACD19EF377B68BBEA67B3203B17B90B81EF3DC4F2F43B5325
80612,02986A61980677C9C4CBDBA8D8CBA4353FE5D4C6D295BA9CD213935914D5E896
45533,02102B6A8F3EBC2CA8DF4A7E3107D84C9D074E7391BA3884B51A5A34CCCDBD9E
135225,012725C968C5EB34FD186BC0B4F8FC1B8DAEC4D1CC4B55A54E3C5761FE9DAF8A
142227,024882F508E53E25FB1D8E57439CA4C63B78B475D4079B7216401D3C308CA1A2
145729,02D9879F244A585D0998B081302769BB25AA60225DD5AD73BA5E36768E58B033
160033,0B6F9ADA885BC6742A76AA46FCE5A6A2F3E5A30855EBB84510297058C338DFB0
27935,08A097CF00DB47DB4A8171028E17E39932C35F46BA997D82977D1F9F3B71B0B6
21799,030B6CF87F68E1942E111DCF2B7052F007798D8958C6C88AC4B812D90FBAEE63
48009,02928304FAF99B487759C64E2C1CAA5E2145C3E2510E585DBCB0BCB646A9C2CF
77489,020EB39478F896253401E3C8B2E3A3D0DF4BE4C65260FFAB9C55243DBF3D0500
114898,02E778846B8D062680EFCC235416CAE2C177B0E7C1050234CFFF726D9F0AA523
71172,012875E7387F8BB30BA89ED5F0D308F01C9EDCB39DD9E2CD824F588887EA10B8
78169,0249E36A82170E7C43AEA25D63324A6F13DBAF2C8F6B7ED7E649173407BF9775
143438,0256C130D0601931ABEB4CF07726D7BDA4774AC06C10B5361CED77411A5C56B0
114933,02E7D9FB12BE3460ECB8101CD7AA341067845CF42EDE6D66E00052292801081F
122251,05E26C61D3517682995F68C710760F145EAA2CE5D05E66E2401EFC5DDBEBCC67
18485,02E5B4D1928C0FBAA71D85472ECF569E6D4AB4386F12C8208EC2A296BD6FD590
4396,006C66697A6A52F11C6C1030F87B376ADE5D8A46EF6F65C46F0D530C869347F9
112355,02949434EE7C56FED3EF58A09616B71B4FB5267F5F53F79147F1A1BF66B2B6B6
54322,05B91E835DA7A5CD4AA74751A0AAF9148CF336A2C0745F2CF460E2C3A98AE89B
10803,01C3AC108941067DFC05D38776B3B38C8B5760F19702CB75CA03A881C8751411
85459,03062EE2F9AE42DC2D088C125ECDDC73444A0D507EF7F9778D8BC896F63521DE
133302,0072B50514FA3897ECEFCA193AA83D18DCB610FB58C39ED9A7C508A7AE7E838C
50001,02DF05B4F25A51A70CCB78E9AA6B09FF0D803BFF80CB6E6A7F2637CF4BA069A3
109884,02122C1CC9D9F9A911C58B901663A5C244C21530AD3AB053568E3064F967EE39
51407,02EF36A45FFEDA6CC8BE545AABF2EC65C454E8842E9B117B9F82B0BA1163707C
78473,024D3D7AEF4517F92A72C9878E66A04F287A0A42299E674EF4EABAC9FDDE671B
28521,08A790084EF50D02D89138DB96D00F2333F297A378DFBC1BB4AFBB44954F539F
86834,05BD99008937DDA98C2B0EDCDF41CAF9783F9DDAD669E8917FC2BEF7C5403BCF
11486,01CBFDC55C0D160FE6FE71EAA8B9FD8CEA86929D610F8674BF1E1401D137B8C5
65239,000B98E382616E3B80543BCD76D888A0FFEF967ED9995BA41D9CB36D5A5AF863
62968,08C104AED9AF83274CAF8D7820D5984A22B85B3A3F25411DB6986487F0279A5F
77211,020BA23A0DF53A538C02EABB34D6C111D5B0FC60DAA5DE0E6CE53A2A10F7E5BC
127566,0B6B9A432D294289FB47F5AF682C2F3F6AD170EB9396D9897EC6A5EC690D5CA6
17752,02DD4ACEB5819A58BEA0DBC3F500B67F5E198A33D6EBF549F1E6B5C0ED23A0CF
119764,05C73819842937C640B678A38E925B48535683F501F00AE2E4275089CD735197
18163,02E2059832E737FE54427FBD84B0BB2F92FBFB7A2CD8D290C32E3F3C6A43AA6A
125667,08B174AFD4F1EC355E3BA8E4007E8DEF0A85FE962FC08E1C98871DCDE2195C17
9569,01B5F618F42DAF2E2FEB5C744AEDA8B7D542307CF6283A71A52E8433A142A630
99226,005C3B41463D5D98BBFF72391791FB85E9B4D69D5DB1D7F1CE7B79FF5F0AD87D
94988,08C05075CF737D8F53E232D398F04F8DFC267FA40A59113D12F8A919B344E432
28005,08A18931C2825E03EB6F4C46090EE74D05A8E060A0FEA7A998A8CDAE64E0C482
131599,005F6364790D452240B42872C32CA35C15FC1F5E28D7349F04FF67829781503A
36647,006E4AC20C352880FFCC8C1BF47A838B1ABD2DC880FC870B46C02CBA8BC5685B
19486,02F0E27FA867F6DE6BE5DCBCE61A24EADC10202DDB3F4695BD0A4F1B1AD7ACE8
152232,05CB8894DF17C07787EA032066D91011AD98C1B8FF3A6574259EEF94B9B945A9
14208,024C1ABB24F8FC6901914CC3A16544FFACDBB12B1B92C4E03DDF7D8B9D565A45
5216,0075BB2A78DE8F413B64EB187B0892227DFE413EA08C897AACB3C7F5FD36EF72
39601,016E67775B2659DE5BE6852C4CBB3249A16BFEEC4C0A6246997A794048CE82C8
84747,02FE4C60DCF2078E44FBD068347604DEDAA180B4449492F5D8515B045AC2A706
46763,0251C3D37F5360131782F4412169E9349F1318A44537B49E3DB1D27253B30E9C
127691,0B6CD626567AD0C19FC40654205741D50DB886FF3643BA51AC5AF03617A88F3E
34777,00596622E16F529E81D52C670BFAF63AF5F3E42E44BA56A8ABED4A338AAA061C
121249,05D800F89EDF0D04EF9C492A9B7AF0B1FA9CAD32CE2A95E245691B16F20C1A7E
129436,000BEA9BE26428FB0F575578D02B8D73DE29CAB4B606CFCE6DAA1B4156FFEC9B
64022,0B7200E10CE4921B963BA2E02EAA35B92A00B9F38A30C0902F1D526C9D5B8996
46170,024AB2B4E8D03C4238B7F4239DC5C65B84B6B50514238F4D2996A8F2C7C7B60F
135406,0129349BDB424D54DE3084736342E6CDBF0606ED02799009FC8897B5FF52C35F
141873,0211304501F619301F356FF2C51B187F40F19DA16BFFD348A3F437D3FD2E3D52
130897,0057BF3F3CD4FD61F35E77521B4D7494DBDF01A4821DE206CAAFA217A84A6571
102522,009AEF1278888D55C95B4C5A6237C0B44FA685BBC8F6F7E9AF3F0C307482ED3C
158253,08B6ECD20703583465AB0697562C53DA8F58E520218567526CFA56B50EAEB419
96394,0001822830D8435FE3528D1D28FFB1D04A319200E0B1A81F533438E22085C971
65484,00497728D9BB931820C883EC0F01EDFDD6EA51A13BC7B3C683C2D1C2C4D7243D
46598,024F8A4B7744863876D6A3103DA491C409CCEFB3641B7D3B2F373DFA6A56BA2F
48723,029A5C6184A81D28C0AD1D5E03FCCC520C0943FA212AC266154B7264CE67B80E
147579,02EE306B32983E94EE1DA6996A882A7AA0131B2E892DA13E452F69A737D17F6E
92710,08A7CBD89B7D0EB7B63AAB8D955FD35F91F96F10869AFEE6E964A76D34234C0F
122268,05E2919C88DBC0ED1160A2DD2AC9494B7F448F9D726D3DB49B9B59A69D32AD5F
50443,02E44555F9760900C6E9E3A89EBD1E5A55E058E870C665DDDECE0E3FC126CD1D
100657,006C7466275F550DAEE5C575BCE273CDD0CD42AA2C9E2AD51809E092F61BCC68
80189,02938959CA7F737896F89A5BA0D0DA5FAAE0908EEF4E26049BBC2D7EB8C2A47A
108526,020348CE6A6E571621774783BFE9A32911D161D06044B213C9181357E9EECC13
35758,006400578DD00D873F10101BF9221D0FD04E5D364DFE1E926D113BF4C62E7919
64746,00061A92D43E9A0701C3A04ABCC9C4719C25BA9F2D167033DCBDFF5CA60132BD
38295,009A2EF3468F704319D0DD9882403A3CE73878F20EED5F7C2073D9366167D348
37834,0094FAEB900B02C93AF7358F106DE0166035C5B2EB16EB180DE03696AA056223
75654,01CBFDC55C0D160FE6FE71EAA8B9FD8CEA86929D610F8674BF1E1401D137B8C5
122277,05E2B069F187BBE103375F24ACD0865BD4E31C8525A7A57BA3D406D729B38346
110242,0249C08C8FFE11BBBF09C15A8671E342DB515FB1F447C62136559F4F4710313E
99853,00633913B7FAF4F8FFB5D1FCBB700A54E70BF0DC3FB58B5446D5BE6BA9EC3750
156453,08A315698BD4F1385FD932C0F82FE83A2E733EB51E5121ABDDBFCEFC2D2647D4
31684,0B6F6EB1973391CB450206D9420436EF8D2AA0722F6CEBE01AF489966232CE05
32117,0000683F5A1F827C69113A8533ED153FE994462AE89FB4BC47A7AF6FF208D1B3
114250,02DFE7F11C277F35CE1AE0AA28E997D8ABC00AF11915B5B4E1D2CB0AFD0E4E0C
140918,0206BF79C2112C6A869216DA5C1FE0748F23291A58B786F2452798C635FC7FA8
56761,05D4A91D417E60DB4881D1262D92B335C7C1B0E7C5196A72D1058B6D296DEF63
91931,089EC33456AB4636AC702B755291F2915F0410109BEBF06422C528F4BF866240
41421,0182CF21C2B3F0EA27A6A341D94456C719825D984E2E0F455A3D36195B56542B
62406,08BB21CEBDBF059C19A9DBFF2B6883CCD12F77582D15D38737B2CFF444BBAD8B
35325,005F27F6AC1D2A64E2B283FE9A199F72F97A96004CAC1E9F524C24E269758435
140904,02069066801FCDB213466520E7C878989C207FF38B8BD66CB90964FD902FD5CF
42901,01C3E24AEAF1697045117D90A3C055E04B8EC8D71289D399DF137D9A0459535C
102372,0099157DA8673879BF269D6E200CFBE159B130D2738CFEAA0BC184F35C60A410
90059,05E15AF5EA05C8599EF1AFCB5698DDCBD3639039F039238B441DA68E6D3FA170
127781,0B6DD43F8BA65DB832E80D9D41842DC4BA064EB471851DF3B3947383EC487F4C
55237,05C349FCD5C02F292CEEEEC9558B20895A923BB8ACD53EE797A2C997E11B0246
59547,089B60B6177AC9EF5AB97E5D25C2CB9EC74ECCD9C491CA7A792039419BBF87C0
138272,01B9D7882F481575D61922F24F341754BC720DFC20BB871ADEDF5EE5CEE323C8
136648,01777D647F72F5D66A7AA78CF106FEFE10B83D301AC502A3D66A6FF538E06147
27087,0897871D43CE3FD13A005E6D9CE8761C1B1621732EB803B8E2C07E48C8782EB4
4406,006C749F79F8A1DC343E0CF826200512FF832EB3EAF0B5D0FF69F377D4C6B09A
33370,00490EAA6DC21281DB313E87483C503029B1D74372F5A99D41A9AF499B1F99CC
43453,01CAA272232FBA840EA12900BD1563F63143FD92103F4B0F0E2C80A07D41EFC5
132609,006B30D5B86E82E63260506348C3AA5F69DD0DC7ECFC84BCCD64082F3E5D3BFF
151688,05C574A5732F38D5828C5549874E97E87B3C322D1EEE86EFC7AB9524F6F1541D
148353,02F72BDF7E344CB62E7CD0DB3B22D1E5226593088BE622B5F187B21D27EDAA92
73345,0180E18733C66DC9E2DFB4F2E53E069EE49B1E650FF5EA652A5A18A3F2E5F04F
128912,00060E80E3D1719C5075C519DACCA3D062FBB7FA4A4D64B9E99B7AE06849E0C9
32370,0002EF8AC3FBD38FE6F14B6E6EE9F50F9DD17BD9C66590C4D3A2F96CD3A4C9DD
5849,009609674693D50C1BF087BAC3419C53035318F4ADA512DA901FAC95C722E5E1
129914,004C8644F322EBB5D06A9B3D358BAF4AC4336912F72EF2AB6ACC6985B3A407AE
44349,02031E8555E85756CD2BE24BEA8F500D7DAEE798EEAD45888EFAF7EEEA7B363F
32648,0005D6975E0E1D9B892254A6E21798D2ABC2F1DB124F85A836348A8025FB9596
43087,01C63100A22DA64D3018BB890FD3F2E95B9F1EF3B782D71739917AA5208761FA
95637,0B6D22D21A166BCF5B3756461C69570E7B4E96B86AF841C74772110C61B7195F
96789,000580807DF053CCDD7E5D777A263DC43EDDE46FD4B85399148DEDD374EC7145
60292,08A459E9D9ECC540F6EE3F4D4A22B2B6F7C586B7A3CA49FBDE91735CDCC65BDC
151493,05C354F50B61B93851F40B62F20D9E964E0734664D0C094FAEEF75D4B8891CF1
97883,004D2C2D3500F39F2DC5C442ADF7DAA67DD3C4112BBB300A23FEBCF3C8F0A7B4
119282,05C1E21B234E196BF67BFA8C56059E39C69E49DDDC20D3D4D6D8B6E1266B5C6D
44266,02021FF7C0D2B35A5BA42F9E210DC3D6450E223677ADF33FA19910498D8B4600
145004,029AA7D2B5509DF0579D383309DD6A7390231E1ACF3B5A0F58E0238193494C03
80345,02957291BC77CE9AB2962862BDEC9A5E06D216A490DC6B2619F27890F8977012
104804,017A5831C222137C6832A87EE89B9698C7AE5F785CAEBF73EAA90803B2D49550
140147,01CF9B2F3FD9B44C7D67DAFEB67512E19473C040F6F5C6AEE390FB3307E87C10
52391,02FAEB23D681E6406A3CB4A9C04FE5BDB3B210D55AAD5682E78F59B35EDE39D0
94947,08BFDDE5BA5A5B30499C674692691BBA10CB701AAAE0800F54B7EA4B0016C278
125813,08B32C5C026E1FE65BA765133C5DB98CB48A4FF55AE00DBEB16AE2BA37E5F790
117698,0307E75AC2C5E99E77398A1DFFCAF2A02BF1EA5CF8EBFFD9F636E61B37763B8A
49057,029DE2C846A550E19C4A2055258219DD01148CA194312513BC42F93B290BD379
124694,08A6BECE43A7BD04A5C64204B8AD244D6BE58E8CE8BF43422731931E4682BB5B
42346,01BDCFF716508FE0BB608395C64438B930F3AADFD781533051684A4CF7BB5C11
72800,017B4E140F38F2BED4E122C860FE5402A8CC4A40A32635F4251CE79A18E387B9
18542,02E63A51C6627F7064A864F68BC8EC52A60F3E68D691223F6459A877D8F71C84
26819,0894AEA1E936484882A007BA3507CA9DDBE37E8EDD33E15592EAB5C0841E3713
62600,08BD23CBBC5D9FEB94DA2EAC3A56C8A4BB89C531B7A1C35EC7F0380E75147B6E
32986,0009B35503C1A2E1575B0EE9C01ADE346E398B14C88AD6ED6CCBC2C834BDA59A
97817,004C55B600138E123BACAFDA5797EB4C49EA8EEE90243281C64E8A1F28FB02ED
15989,02932066E2197A78EF90CA878A9BD71080CD24C333A9F2C53531303FE9B0FB1D
129447,000C126FED08728687EC713AB11A839A61EF5D66F6E306F476DBB4AF463C528E
81881,02DCF6CFF88F942D071A1AD31CBCFDF0BC1C2E9F283D410BD335BA1B5C4F6CAA
126959,08BF27B2001EF2D909615A84CF57DE10D5082644534543C3688E52D2C18388DD
51544,02F09F6DBEC754FCD1BA1EFB36E77A582E948AF3DF8571FEBC7D3A31C5473939
138943,01C1ADBE90E5738A7724F7265213EDE4E7053DD150EFF2DDE9578EA931678ECD
144727,0297C942D89B0EC5B083C114819947E94EF77AD83C1F132661D5D92E7E15FFE7
67853,0064216702FBE8213F6F53E50AB3EF42AD3D215B7286E4C1ED7829FE3D32240B
160206,0B716BE589879C1B8AE0857109B2CA7E18EEB773452F68C624013EB563012C81
75298,01C7C2EAF5EF94008DE40F475CAE0E31596C9713F918C42870D54B0296ED01D1
33688,004CCA04B890619F170BEFAAAA7C1899E7765C3F645F52ED17A63DB8113E380C
38833,01258A4EABDDF1A0FE22AA04CC6BF2761FBA785E073DAFDB66D37669F0379CFD
119782,05C77C47FA290ED204F5BE89D9D2225C02C645418DC1AA407B45DD50FD081CAE
66759,005808E2E65C94B99031EEA36549DC634F0ED7F0BBFD77AC02203F6DCBCC3DAD
139708,01CABCDC8ED3E16F6BF34D03394A77BD4E2C9E8F812C48CCCE6E8989BAB4520B
109813,021166F9CD2BF223A6969436D615E33E3C08E78A0CA1F0355AA101757C41AEF7
92253,08A2A75D0D1F31F00666B7C1A724B1F555DBA12C3C20736889A499AF38586E84
139902,01CCE490096F8317DEA04B9CB96AA02EF649AEDCE8736A945134E60EB12729CE
12964,020AB6F8359E538A97E52B1B8E0D4D2811EBDE7C1F641418F590E9E4F8B734AA
139455,01C7A5DE4080F987FFE783688F0A26F85926DA4F16917D094421112642341279
100016,0065017BCFC6AD03023ED5ED72C85E1A59EC8FC755D475C2FB96D18B1D7C3483
16504,0298FAB000AFEC39DC4D1422EA503E9759262363BE45017C36B7FFC360F851A0
13820,0247C6B8A8D239A890CDBD0BD70DC17252C43FB6EE299301D00D29AFD522D35C
141848,0210F4EFFD277879A453B260B719AB12A829DDF84FB575D4D1900891275B3D44
110178,0248F9471F4394F97E715003FCB6E6C073F96C9889C5E3A53B542BDC1CA07A40
3981,0067AE146CCC1235331AD31F0AB5DB28CC9544B04DECF41C7614E144344EBA6C
121696,05DCC5EE9D14B9926534D52230253D0BEACC863A41B5CD5C7DABDCBCE2D3DAA0
117567,030654BF159AA11367FD7B443F10C861F4750D442483BF9D14923AB87729FFAF
42137,01BB4FAFCD7A57CA4BB44FAF4A7BBBBB321AD9F795D0CE4F12822F0D68FD9BA5
8351,0177F8F303B0FC66CF08E900EE51FB4F805182A790473795875650FFBA23DF0C
147697,02EF99007F36074E404D4E5458162CC6DE004A442AD20E9B774E5EB40AD2AF70
31908,0B71C59DB027F12875617B59902007FBF29588793C681DC658375F05A558788E
108610,0204603461241FA3B2A428B34A4A3C6935DC02C91458306B962C11926902371C
26565,0891FD4E2C3085228E3E8863AEA9C911F3F5283AAD4AE69FEADAC920AA54249D
2333,0055403C8D448C59656D7975973F23C8290C9376DA8651369B24E0C4E0F9B38B
59257,089877D4FAAE37C4789CEA8B8E0FC91EE6616A337BA9D2C0513B23D88905452E
143403,0256612DF70EFB3DA1BBE2482B2C6496B186F432E9EE480895A0C24C6005B3FB
133832,0091E9B542534DBFC303288B3384217FBD1232FC49C0D62718601BB689977A37
120817,05D34138C888FCABA5DEE813E5B9C360D180D574D1A84BB1CD418F071385B0EA
33126,000B58147666BBF24668E85F52CD2ABB9176C2C8358F4ECCD0AC3608097F6EF3
16388,0297C5E67B7105391324593684D9C68DA112420664E03D9593D9F1415C750417
39825,0171225B6E3F6055E45CF582F8B1F75ED8C88BB2110A859380AB7C5AC8ECC3B8
52560,02FCF548D8B95709E14D851304950AB0FDA927FEE7EEA1A23473CA18A6DBCC03
157577,08AF9C76E593C9D47E936412ECFA3EDC6B47EBFF15ACE548FD34679813D26896
48070,02931AB108BD13CC0E350B0DB2AA6CCB8FF4694B2E8205505802AE30F2A1004F
104509,0176D209D0504432EF6D983FAB2EB546D9FBAC21C31D14A00D35881A15A0A904
26916,0895B3805C43D6A8F73EECB35795EA05F2CADDFA18D95491F99F9CD1D7E059AB
143365,0255F0369494D4DB1D5645112A6437919CEC6D4304B4786A799806E939E16F70
6974,01283628D6E4D0279D7DADF6F294987AA62DAD23A8575983D12BB7FBF4D79C2A
69804,0093A28D970F525A9457972C4C48E5383CE849E89FD6454C2EA07F677AEF1566
100662,006C7AB52EEDB830CAF3B885749342A637F59A93ED5E703415BB60234E1D8024
89406,05DA887C4E28C69C38A0390EA2952173663B31FF392DF0DD43696968881AD02B
114435,02E2363CADC518E027811E80525C53ECEBB9EE2AB88655838535A0F77590F1FB
75686,01CC4D923AE74B866C9B3C190F55E1FF875F8E78C96FC9F43956B2AA0BAED2A3
160309,0B725DD13FBAA9D37FFCED6E5D966877F66186BB3A8A6845FFF9A161371AFD57
85938,030B185A300271BBD1DC62CC7D5B049CD0BA928816D589688F914C3195D9A06E
31130,08C3871BB2322CB158166470D8672B8A86239103D7FBA23AFE35938D181F2FD2
70341,0099E95F17F3232C4BFCAA875BCE50AB622A1E69BFD1FCB874450D1B6430395A
66572,00560A4BBB6C40D7631A32784DD345E14BBB3415DD13D7848145D66AFBD21844
151732,05C5E5F4084D3EE4A9D486D120314E4927076B866FC5F05C2B45AFDC47C7EAEA
38751,0124A32D797CB5E8544EA8D58218C1A7F951FBF1615C466A599F189DF1408532
113639,02D97651270CFA7E1ADD4145536983F93DBD8ED4A0B6C16F87F9F32D8C1A2FA8
144665,02971C2347C002BD2387F15CBAA1D02300248FB6D9D354F1A64BB6DC9DE04590
137202,017DB665E6D39C69E86F3FBE0B4F68736B2522510F34F44DDF232225EDB95ED1
46273,024BD066AE2ECB94A54C410AC4B1D172D25A54BA9DC57DC4EDE11328277A2B7C
126882,08BE494BFFFD98D4493D9789C09469628CCC8188C99FB39C6851F7E1ECACBD73
61417,08B0988BCB082058E2A6BC3311A5FCDAD063F09584AFFBC119370F7D58CB64DD
55887,05CA9628E2A81274EEA8F0EDF15D12CB9DB21C75C62514BB34CC28B03EEA3E29
124818,08A815214A9AF874923080B8FB14C681A1F3B9339B6F397CF1DB9D4941EFCF39
12055,02010679FD5C5C5DE2AE1CC6C9BC4DA2CAE1DE3B9E47F4E7D2285730010FC431
106828,01C16CFD132EA5C19180218723416E7836C216B8BB41449C1684A7346E19A144
100842,006E8738A31AEE9E6C41E33125CA612E944593CFC08EFCD1438C8B41AA79100B
129868,004BEB0A684925F99B7931CD9923210B0F73FA1313039B7A93CB2A8AB831A383
7663,0170501AFCCAB95A292F596F6C26BB505AC32F2112ACEA40CD23AEF76EB13584
21864,030C4F44FA600997F43BD59A703D6D6E730A8476D0AA7CA5E9FC3447BFBCD0EF
26468,0890CA0F639B45F2AA743F8F0F85A901328D6FC9F87BBFD9A6BCBA496DFA4790
158504,08B973482DB5093E127A23800A2DDB48FE24AB76F6C53CBBA9B46EF9F5EDBD60
112940,029AD0B6B91F28F917427EEE9D993160E14FBA151D0FACF5AF954A47286399C9
129467,000C4BBB97412EAD0E2E8ABB9B4DEF4F74FF7C0E2FA0145332586FDDAA93104E
23481,05C6E95F7A9F114AA2AD5E772A35F06AF47C42E51053324E6F9FC950C3718D2E
23963,05CC5515A9A07C125F11AA33494B139DACE3083191881B33183DFFAA3B1EE204
86945,05BEF3884431EE5A7FD9707FF7F8F9987FEFD85929E443C777853FD3A9C05703
11578,01CD01A64C9FA5721B71DA10B34D1FCA978B839ABE657D95D1B8D70D4F088472
116071,02F4B3F8CB17C8E63C98C3ADA0AD586B9AC8ABF1EB19830F1A9D77EF251A47CE
112222,0292E7393100E2F0D548789AEF4144971AA2E31C0D6C1AE28342B51C9F6B45E6
3225,005EFEEE7E7D14D12DC95C800544C8BDDECF495F827435D2A0FBB6BECC1D1B14
30556,08BD822A4F96509310D1238680857FE626EFBB19D33070EDB07038597A786946
22211,05B8C99FCE04925D5E6E35FD76C18870E6229D2379EEB2ED7D6D45699DAA33A3
48835,029B6FB60EE9072AF69BF8F741E11D1D648617277C20AC197AA309ECA86E36D6
91370,0898AFF1177835B587139B612ECE436384D57B3FB25E11A3FCEA3675CB166220
101279,00736A64CF85B8918AB3D929702654D368A467D94F8FF76C061CFEFE777EAD13
78400,024C5E34C8031E070EC83F60F6E65D70FB826BB8359508147B8854D36C814FC9
42485,01BF6E594E1B6A4EEFE672CF2292DF86835492317B0C8955B0FA1CC62E15DAB3
136561,017670BC44390497545DB5D0CB9DCD4EF6A6E69D92929779544CE5579E6BA85D
52604,02FD6BB8603689002E3A93605828A10E11A7F7025E927F1051053BCA9E9AAE88
11811,01CF9B2F3FD9B44C7D67DAFEB67512E19473C040F6F5C6AEE390FB3307E87C10
88567,05D13AFBB68C8C4A2E4C884FC78B80CB051B4844BE991E8AE838B93F37B1C0B7
2081,00523F7DE05B0DB89BAECAAD3C4039C42A3B35C08350CD3A142146A6E515D2A3
28026,08A1C82B1BE850EA94F1E1B056E5EE1695DB32719E58469046B491CFF240900C
47362,0258E371B1D638B3EACC8208DD88867D96ABAE9F2310467EC35AD79978EA7622
140094,01CF0F467FB4F08CD0C2F1DF82897FEF30C9214BFB5DB53A5BD2382AE4E05D8A
150825,05BBC23C9F5282FFCF6CC6FA9CE98455245611CE8A935FBA13EE7CCA4AE952F6
66140,0050FED23F975F33BEB9FC80F80540BD3291E36EB0A5FAB689A65C0F7500C108
64328,00019FA7B634A1CB4EF322F7249C4F575EF0309B25A3A63466012767E489A40E
143078,0252993AFC74F56169537BB9B7DC3555F5D7198297626D362E892AB85406C1E1
110982,02526A19A8D7E5717E89E0484DABB87B0E06C328FCD873E5E7C055FFFC1A0813
94109,08B729734E6530BEAF50C6D2F2E4872F129F212CD98D29BFF3598D7C6F8285C4
66056,004FF778D748541CBAB43A165F18CE513D8B816A5BCEDC3256211EAE737AB760
122339,05E34EB973C340884ED5592B9A691EEDB599F11CBECC95F3C37D17EF8ECA5044
17322,02A1DB475FD404CDB6458356B5FCF1DDBB6AE9AB169022F856E177E46F014236
5627,009384915E0659EE3C544EF8BBBD7C15C31FBDDB7AEEEE3F15E568B58E79F2DE
109491,020DD7E57C25C9AC8616B3119FC28E27A5D3365C8D257D8554B6EF7E8B5E6170
81471,02A1B605AECC19F358DAFED6CA3812CD687AC0E250F75A33017FDF1752159F8F
148118,02F4466B21B6F6D94CCE06A7B051EE113D6843C59F55E4E4323672FA79FDB644
50731,02E781705CD4DA4D8A5529663C0669A33B96E578731F6CC4E149C88896334762
131627,005FACCA61B1BB9CAB5F889D2B8C8BEBD307872F844E3EE4204C3648100DD759
152746,05D15C8B75BE0B71CB8C1C2B3A636985BA083DE9B9B60D12885BFB3846EE8B3F
35813,0064AB108855BAE734818925F1B596296D19E227EB18A35A97D5C15A127A974A
137149,017D2648A287E35922BF5A588C648A96BB0D13F1007C983BC79E30F5A5D172D1
58037,05E1F8AA57DC7E8DA371B7942D90F3954EA9A59AAF185283538C1723EE6489AB
55738,05C8D2037F87A037C54A609FEB2800651AAE943D3C14320D395F5BF267B9C27F
74408,01BD80B3CD42336B8643B73F84E059DEECF6891283FCAEA44B12EAEA1A65343F
58391,05E59A3EC15A2373E88EC70004713B473C6351C5AC3CD7EDEBD52EFE564580F6
131945,00634D50DF022441C9EE7D8E9B15BFFD610380183860EFA9EB3E194312E563AA
48059,0292F77A0579C7D553038D6647D80B2582AE693F92E4AF8317CC2E10E3B60700
73571,01834545E795B01828E78EEB90494628615570741326F28D021A8EE7AD8BBEDB
35368,005F98D1AB44672738195E53C978066356A2246FB6DC1A777F79661D29416514
12170,0201FACD1072A7DEF5D26C8F994E52CF027750BDD8E474DC71C22E9C24BEF2C9
17357,02D90FE6DA7CEDFD7AC2D8FD50A2B08269B5B2AB1933CC3C4F5B568699BC3A0B
148260,02F5F4CFE76398794C5F1C5E21F9B7007A85462678ACEF6EB51948BBB73ECBDD
15712,025D98656295CF343DE8A7F47D2CF1F088F0DA986081C7FB93C2671B7D5E339A
44581,0205DE1EF3E540F5690FF23423D0E60E0C97077A410A184DC0CF44B746A0A7C5
35482,0060C6E2D21ED5A94A358C6A880C7E50101C3FA67DAA75339D6FC82021EF4566
83512,02EF7868A5CDFDE478594A10802FCC39FA704CE667E57351DA7CE74FB627F6F0
158609,08BA82C5FB8CDDF0DD740C9BF8E9741675D7994B2E432BAFE4DEC1E69B8E6C7B
121251,05D8041CF831C4E4EE0582523AF4D466CF197C0D2FFB745FC32EDF73D232070E
116860,02FEA21771A19F8A3530E56E2C7D4B1B2A95FB83600F182D6234FDFBA6D55209
92766,08A860CF6703DCB6F54CBA5D16B232AA2B726E3B5F369A8D9AE67CB45DFFAD01
128761,000462D761D0BCE2A1812A17DE1D1F30EADFEBDB78E12A9ED4ED380C87C086D6
69913,0094EB80BEF364E924FD41EA7FA86F9A06B99711586AE257222FD3043AC675D9
110564,024D4696B515832B4CD76E6BCAFA6FF73EFAE9D61B04DB6540670AFD25859D5A
30146,08B941893BC13F2A36475B3A29902CBDA2C5D5C2F82582CE08627A15C35D573B
48400,0296F89AA919E4ADA96FCE671771F9688077DDC5E022196F8C8F66CA388CE260
15430,025A69583CC3DD7FB0CAF54E0D59776FB49C63930079B4927DEB5D1691DC641F
93827,08B44BB3CD640E4232C3C5A007A6B9EDCF2C1B09C3CB49BAE2C39F6AC1429473
41465,0183196045BC8775A1C1DB2C12AA1F66F9462838C4BA35CE57DDC4BA2C183DF3
97148,0009A184C9C9AAFD825DC0709C802ABA50E1F71D7723F92FFCED353A9D96225B
40884,017D04C0E572D4F13CD70B65A787AD4CAC04597140C028CF9013E72C72B72AA1
59172,0897881350546D4C9DD788962FE4E04DE289325EA40E3020F8BD5FF9DD48D1B3
33320,0048738DFB5346701A5F92A5C6B3743BF872217E0AC446E6E3D8C8BEF487A57B
125891,08B4206A3A382C16AA143D7DD1566F139694E7B6483C2000FDE89A03210A32EE
106810,01C13FC4AAD957C17952C616F75F661AF8E56380CEE4230225FFE3C14078142D
60781,08A971EB509C4417E334930B86F336E45E1906BBF193B06E360477908B8172F0
118041,030B51C577DBADD94DCACE8D1E47E9719610F2DB63E603D990A469226DB82A6B
145005,029AA89FE7E45B0FDB0E87E10B72579B77580718847B8DC33C558013782BF95F
22659,05BD8FD32B6191E8B13EA95A99D882CA9AFC8AA5C8523B1438D646F19E3A8290
116863,02FEAA7D40A54D0E927638B024AE096729F5C9F0A28F641B95C7A6C48FCD5E5E
9285,01822AB0A468C38C8C71CC74BA0A94D8CF0C5D62E42783E513FE552F807CF85F
157777,08B1CEED937F6B44CB4FF050C24848E6A70FCC049C6C22776A8F56EB60FC1AAA
140024,01CE4673996B2140848575856C1774727C8EC6ABC1465680648FC255E9EE6DD6
124622,08A60A020A3FB4BCA5A31CA5153BB3ACB25719C045848458727AD98B6D2AB1E5
135948,016FA303269BFB33D4A5E25F259C362343491F524FB014FBEF5520A5E48B99FB
27952,08A0D3FC60735E299873E60D66A2A576A293F0F917B7FA6B8A6CBCD5E1518D48
148290,02F645B616FD2DEFEFD2DA6647288A573998F666A6EDA19781F6824B1972735A
48451,0297782478EB94757F402A242A543B3BB5F8143FB9C665B0CA9DE1B6E4D44A17
108548,02039BC969C8D7A42DC07D3F56736224890FAA94EB1EA3D3028A5CA6A44846F0
57644,05DDF8169ACA2B9403A954AB4B5AACAFC4C68F2E099A4E21EC35CF606818DE8B
101201,0072813F07E86CFAA4B85C04B18A5B5CCCAD48ED5F9717F64CB1ABEA1344D170
73152,017EE61F103EEB80C9D525F9DD06A314C30921CF7DCCE54C252A0EDBD1B25549
78184,0249FCB21F6DE7A0CE6ED740CAE9A01FF3EF03980DFBE702FB399C156E15BA34
94461,08BAB36383FFC331056D43D222770B809B717B67A634CE485F4BD4EFE13B5D77
94447,08BA8D18FD76F663F87D37620260EA3C5CF7EA433F4E636DEFD19DBF7BB5D0EE
72967,017D046E634191F8141DA8C1F75D543FFA512F479CC05A9CE95491A467FCCBA6
137552,018149B51FFC5AEEA28E1E72EFFB9BEDBA62387A79555AC3A9E30006C01AB142
46010,0248F9471F4394F97E715003FCB6E6C073F96C9889C5E3A53B542BDC1CA07A40
46812,0252631AB333D6AF588CDA5BC7727BFDECF0B8F81E06ACC603BB8DF870C95A97
95990,0B70F5ADCCE3EDB8C386109AAB938A4E9E6357AE1D319304A485A46D721B979F
97660,004A6C8C2D2718D9ACE38C8246D6631D8C5D38BC998F0447E2E676684298DE49
98093,004F796ADFF3B73DE49961C18A1550B9F389297371683BF3D1597EFDA06C485E
119964,05C99F3F8246CCFE8421AE3E4A385F7853C54CB226884661069E8F4793EA988E
89920,05DFE0FBDD9835C31EFC28BE1AE9B876C136D8F1BE9BAD0D1ED5CD0E541C4BA5
33973,004FF86BDDE812CFED8D961EB59720C9A7537EA29D5B40D88AE951E7FB692A1E
119347,05C2B9AD8F3E55A96FCDB0AA326D299D3B5BC66127C04EC5B245DC048611856E
114190,02DF3E4D9142B50DC6CC4602514E5A3D96B67413FF9E91510C07FD03415D220B
142102,0213BA9D63F78DCC434BAF291B5F0F9BD5F9CB67712AC989CF221BF796CE76BC
56152,05CD99E9A7BBB707376F9250AB58112077C1E63F8267C3579CDCA09210AD36B3
159732,0B6C70E7DECD8B763EA7E17198DB560D3EE53E164DF42E45A965514B0C30E0D7
26278,05E549878B94AC1E7FAD1C49D45ABB1EC8EA674843234450573778C5509E99C5
65417,0048A28670EB3193E18F330BEA4346701ED6089DAAADE4CC1FDC5662F9E045DD
102119,00963AD64F57C213D180D3A38EA9342CE205B88A65A088D30CEA88817D2E4EA5
78002,0247EBD78700860DA7A144735948DC2ADF5DC078DCF4AB609E599C53DE9C9195
149223,0301AB2FB515A1EC40A6B2F2722DA5C29C1A9AB50D66F90D2E6C9C01D648CC08
116293,02F76D14ED2DF46336F2EC96BAC3FDFAD3306A04DE401BB38D28AD466DD932BE
147511,02ED8E6D5956C7E834FA1C36CB6C588A61D84D74D0CA7E2C772ACCD9F35CC76D
34912,005AE18B1DBB71D1B6F53C98467F7592D5AE6F04E2BD380D5235445A4D464EFE
15534,025BAFCBE795ED7A445262B7C40B819E2A28D3CD4D80B6324979A666B94A3F93
70108,009720DE846C96F8B7AA3DE520E58CFF4159EF6962330802413D8D285D4C1AC9
71615,016DB9FE68199F9041AD4E9DB2D6635FDD7A48EC30C891BC5D113C96F94AB9A3
56943,05D69445179B7A0C80DC38D2409BA8C6B81A63E5404A06ACC135F31C46BF7D0B
130616,0054B0205493CCDB59CFADA2B523E1B88DAA8CCCD47339592F5CA25317B74041
83382,02EDF115B9CAB989A0B14FAC89FAED29FA5DBFAADCA02E89E9F378FAC9B96FD2
150287,05B5E7C510E6FA0C9DD638DC336DEB0A297691F775DE81573EA736837585A766
77428,020E0212B5D91476D02886D014863CA6C0EC697BB6415467DCEC408FC4B22BAF
155438,0897A0E35FE8CDDD5A215ED8385911C03F0F4947DA50A3A0474E3C67CB3EF10C
87618,05C68D9DDFF4F5423268B64C821F5F6176AC4C331BEB9FE441F9605AD958BF93
2233,005416D3B7186A1A6C84D70AE19506469101012031CAC87BAEFA974E0F81F49E
108980,02086062C3711ABEC17983C6730DD1674ED1DDE1406D21DBF816360969A4D8C2
88542,05D0F66B8F8F843B3437AA60234B93C03F8919E2311EAA3189F902A070DED726
24417,05D16D4E3CFD3CC483D41B473F9D413183F5891E244EB455D1D7DB68AB1E8E46
123667,089ACD183173F78287620962867CF763A5A286D11B1E1AD9718679C138EACC27
38420,009BCF3789C7FA63B9BFE4693230CD829BF948A06147FFA12BA33BD9AD9F3845
160418,0B73A1008E54A345362F025F117F5AF45503E8C2F6CC7CBFC6DCA6477312E1C5
16755,029B8032DCE27EB9DF299A233E4C8F8A45B73C04285E1F99F48C80288B0E42E6
58160,05E330749FB48E86C1C139B080D8CEFBE51DD0D7189559F0A3D883E252E06DCF
67902,0064BD3F667E74C71761CD1B15D3E774FC73476AE1BE83CE7E9A2E83FB999871
30455,08BC91F7524BAFBE2C48D1A7B4AB6E5ADC7B14A955DB4D6844B11096E50FB5E7
145260,029D62DEBA261F3690BEF67CE88BE1573D441929B1E3116F5D5228ED16B9794A
78314,024B486EF39896DB58A8119AB13D751EF8DA1021633C97365356C6B877BD9F86
108388,02019EE0CC7D3FC20F11CBF7FC0C43171B81E9A01436EE64D7D4AE66C29A2C91
10531,01C0F6E1694F524597E729E876A09C9FF24E79BE85319BA3A027EEC13D8A525F
80941,029BA6C2938CCA063D03E8DDB3332CF7379230CABD8D0324A676CAA55BC7EEA8
13349,020F0CE1A84813BAAB42E464BC91FA3CC93E5F21627BB4C4124DC67D004B72C7
81124,029DB9A94210DC94A3B03096A7E38C517559440EC3B517F3B399D2582293F0D3
72570,017895D6E53D2CF9A95028F54BDB403B7D7B9629912C27E8850BDCB15E6C47EC
103633,016D1A1EBFBBD85CF787311EBA5B14A5DE45AF8B83A74E98BDEB741327AF2257
122019,05E0041F2248FD29AE00A7EC2FEFEE50C89928B43AD38D9AC4A17977BDF9B94B
146349,02E021B87279B2860306FA188015158710E6FDBA555B15629F542DAAA88820B4
86153,05B64EE4C52B3B03DE9187499FEA205F8945B1918014AAA19069C3DEDC3275F6
39445,016CF71D84EBFB92027C4BAB330C153FE84FD003E18991DE058557572D56A6E8
108178,01FFEDAEEEB8FE55C92707F18F68AA70992902E2D1A915B91C46AD21B07D51FA
44934,020990EA2B5351F4449BB4DD7941B797B40873FAB671F9BF7EC6C7207F7D13C5
96409,00019B79226E517AC0161DC9E7D473AD423B54D38190B23EC49B8F244DED0952
116280,02F746E530660C01A26243224D569074B9A5F6441F29D9E7FB6A6B502B061F94
151481,05C334C69C77E95EF7308E35778220DF53EFEB171DAB2AFBF05254BAE6D70CD9
84054,02F58AC41C620FD28380EB9DE170031E85EA6A6238861A8339BD4C9200413700
62005,08B6EFEA7BA67A65CF4246A79AC588240683F6A525E39D673B9EE178ABB98597
143978,025CD2FC7CA578C7F6D8DF843E29DF8F4EBCDD1EA8DF8B3AFBBD837106B87C40
59196,0897BBD65A8525650159B14E24D6AA1B33006DEDA7C43D31DEFD29D0FCDB9CCF
8173,0175F2468ECAFD1A83B40FA10D07C302C3EEF604D42C8B374E6B82FDF0E2E526
75133,01C5AE1D942AE96644ED23269CD58536DF61A8CE40F44CC3651A98F0A880386F
137826,018445D88523E25CEF3ED5A8FEFD5CD0CF9D485D56D83796D6BC910FF5492084
133855,0092333452CC62B1CC3D66C3DE7756E051C8335F5958E62540C8E6DB9EA84140
148189,02F52C8612BDA8592E4A60168340BF88A3EF098E13C06141796A4875ECB18375
137686,0182DEAC0A27D4838A6705D10697D2486008101A48577C6428B0439F9B4726E7
111800,025BCBAC9C794462F4A429A5BDD9A9E19E8C35F7D44949959792B2A6D769CAE6
158814,08BCBF8D183A216BEECCAE8EA21ABFD717FDD28606E073A2ECCF8C7E69313FCF
148435,02F825DE7BF201BC5B4F21AC93A87C96B80E9F0985E81C015CEF6FD3A53F3005
159386,08C2BF5220583B600CFCDBE875086D9E5DFB3273E8F01E6D08086AA3AE1DFDDD
29946,08B73204A946A74ACD5E4DF32CA643D3B6C287F96D4D30D8F30CE00BF39E3DDA
6254,009ACD37D048D6A11E24726F43F58BE4DD8839D8B46B42E0FD2EEE9E4166F283
14238,024C67FE8ABADD20F8CE52992B36AE294C9E361A4271A53686BDA2F7D6AA7DD6
71370,012A84E51EFA750286B12A819EED9A73B065A2FD5F6E6D5EF46E3713E950277E
59362,08997EED8B65B93AAD7D877270FD872413D3F710A9ADF07D30DB5F3A1094748A
64211,000092A8DA744FC82D40AC8A6C9A4089F2FEC279DAC68320A1047948A1F74045
108412,0201DC5E1DD190FBACE87BF8D0D4A7143F5781B26FB6F0AC85EC4359A784CB8C
128271,0B72E4E784D2908B13EE4C686D5AC451F02B57E6E063A1343E166D2F15DB93AC
27200,0898AE3AE834780593D5076FCF23A35A7E8249660086D523AD8386D43F13D827
151625,05C4DDC97E729AC1AC7F077848CF0E156AFC32726CDE86A44E6A34B5A6D520D6
28401,08A65D9824D5D8EE35B1716761C503B23839EF06C95166B174163C72D4578979
76022,01FF3B7409D6731FC21B24806549A760D115461F5612FC76A153D091DDBA7021
115455,02EDD1B92A57E84A709B3C4B69A2EAF9F734A19DEA8D402321C879957899CCB3
22799,05BF3B7E7800134FC3928FA7462660B8D175FB0EF4B2CAEBE5700F12ACA92E9A
152282,05CC1FB0EC863F6689FE03EAC1385BD9B024DCBBA5EF346A309D1A1BFAF9CE6D
97903,004D5E4B33C799C66B1714C3086D4BA1BF8C2A5904571062A47C260A0FEF767F
51528,02F08034CDFAB9048F43EE704601F3A80CA20A8551E4A1886F00BF6EB28A2A2E
17582,02DB6CFEFBC69091154AD79AFDCC1A2813EC5294E33AE64842E00E1DD06FEECE
21843,030C19C05927A0549F6D433C773439068B3FBEABDC92D45032C7CA7F19C635E4
97440,0047DE30A2E1F0E73505EBFACFACE6BDB25AA4D96324222EED8BE1026A506185
28135,08A35C40B89133B3A5816496808ECE611AD3591A43865EAD523051BF84F00BD2
130733,0055FA073D5013236B8B3138AD2E5F66CDAA04246AA4EAD6EBDCFF8ABC7B696C
96640,000407BF16B3C69702474BE8D8E5C0FB2FFADC846D3181D4C80F8060838F4E2A
115684,02F05FDBF61710C4735F3F6CA0BC05AB89378C2F4C80F8D612F61D615F5213D1
56891,05D6076693C4E6B0B627A7FBA0A90808C60B1042516C81191ED2F3E02D6F7A4E
43510,01CB446A3385D9C9176C477D99489723EBC892C58D6AF525706C853851736D1D
70058,00967B36550F8802097457C2C2360338AE42C3020888FE2D9FE5C62DA2752324
81098,029D6BEF3BAF74D36F9E066B2D55B53B2C8252FBA827B023C62DC62D6D8AE976
104348,01752DE85F8C5340F8380363F39F4F34F08E9CE8D4871818B7662F688516EDA2
51944,02F54687062A9EB66AEB64FBDA8D79AA6DA82CA1D4799CABC64EA86158B3DC4E
137665,0182BA194B4D3DBC2C929555618D8104BAB0997B5016D4AD23A13BDDD14B8ABD
91439,08997920DC24D2C4C9D58632DA84DFC1E5174840DD4A0B3D55732758D0354C1A
59856,089EDB822A789B186A194074911D26BD65AAFCB9E1964C30F4355469F3FAE5AA
36071,0067C092D8C183E506717A20F3C00B8966BD4D3F2262A2591B9074B7A0BD481E
9026,017F617251355EDEF143D0CECF9DE7A3693F9159907EB29AB85B4911C682620D
59039,08962C109790C93E11661F339EBF93A52F3155EFAFEA720CD513EF74E628C4AE
138006,01B712E967E694A2DA67CD145DE1544C0FF7BD8E831204915107D2121D9AA81A
62669,08BDD58BFF6B4E7F7E4266E395C1D93FEFA23200EA5B238075FDB74B8602656D
69847,0094261283ECA73109E12242632932873A7B5802A3AFF0DABDCC3ACD2B1CCC79
154618,05E553EA4EA714076D0F84904FF2E0177D3F8B9925E6030154DBED59C3E578C5
44078,020075841EA80A081DE93A6BD8C9778B4C96D06246A75672A7895C3830C2C34D
79476,02592189589DAD8122CCFB10F6D38180F50507D956CF68E97AD7BDF47EFC3197
18859,02E9EF796078234352AC0AA9D317DBFF9E1E0CA040F3D2B7C9F6C5075DA1BF76
108896,02076307EDA149044FDE6F6D771746313F1E10A3B0AAF441974381F7814C7227
134769,009CE792F087F81C6D0A5E8A3E5D2282404FDE647922771F19EAFD1A2E72B78D
134593,009ACF740E651F7E82C36B1AD96671F6C173E54BA72A95C756709FF6985649BF
149159,0301084CC776D0AFAC0965A0E68BCF8053EB959BC601BF8FFB5624203E649938
117486,030589669EA59B683D827D5DFF3F35A694505BF516F05558B72BA0D4F90FE5BB
69443,007667996E3B3D8FB808D9A4930198FD58DDA4C84D8571EF2B7FA03662958E18
45172,020C1D7DDF67A35C258C88DB3B57680C5F0A622AC8DC96741E327EF1FDD386F4
44833,02088F8E0F57308C2AD70DD6D4E0BEE94A022276405ACA69DC32780683CB95DB
23350,05C56FE2B1C6A5BF96974C2996986EEDB46B41F6706B35257BF1DFE39D4DF9BC
34229,00530291E8813A323B4FBE30EAEED711D5BE2636B385C47DE362405114C25681
6498,009DB2F9BBE440161FCD8A049AA0EF3028D5EAF8FC60F5FF2AEFEE692E23EFD1
80487,029706B2593B4065E6F15A746B746DD678ACA91EDE382A565D04DA0455FBED1A
59388,0899C4C906E9AB13805A7B4509ED5EACECF49B866B97C8C8EECF33A72A1108A2
46975,02546265821B328C11ECD52CB511DBB794BF51E44665EF65D13386AA9DFBDDA0
132643,006B8CD0B298B678682A0750B5CFB5976B8D65E6D18C62F6A191C9415FC617A0
18985,02EB98B0A3242ED8BB18A41EE047C0F37C8EC344993413121BEDEDE51AEBF689
106540,01BE0BA160A8B38E3BBCD7A20F5FD9F32DF8B8F5CD75B16C272A93313AE04E27
67915,0064DBB5D4B18AFBF272B02F45F8B01A64F1838FEB198C751DEB2451E00775B1
150768,05BB3A6558F1F1B5753CAD74606B365BB04926C7363ACCF517F27EDF5E5C9343
132422,0068D90DB105018A8E6DED1EC4BAD6BEB7729D53F5F206F74B79D82F99F20595
125016,08AA3A416CAF59DB35814226A748B6038A61A78FF359B45A606F1289E3BD9401
76954,0208F7B17BE4813E2C5BE0E5B2209EFFEDFA19A9C5E1AADD384651426CB1E724
126017,08B567D3042A150CE190EF0A65701FF61F9E05BA3ABD89D6D0C005E669422147
148566,02F9EEAD7D4FCF2CE2A3D45B3BF9E8D853BD63348AFFF295D2AD56C5398F1C72
21788,030B4E7D1005DDEF39298F11B4A791E186BE28F18C54C0EC44220AA38DEC44F5
2309,0055002554262EC537D6CAA90357B1F690257418A137F5119275E281FDAF4717
46927,0253D3B27ACEE5C98366B66405FB5B3771ED2F1B7A625D304D29BD41B39702A1
127748,0B6D7ECFDC4834251D0646E39EFB3B16D0807352333EE4CFAED120D1209525F6
100719,006D06F56C9F4C3C6795C7BF592EEE69C5CC8E0DC0DD2F1F85CE035EDA97E2D4
85067,0301D6236FDE4B5D1B6B90DFAFCECC62F6C8F37D1227DBCECB37A804741386BC
64611,00048CA4C71B194508ACDEB73D95A3FF270734BE9FD3C5EF8F2B899AA8CF73C0
116509,02FA5E11EF0EF6B8C939B71102FBFDA9843463D6D56CE57FBC663DA89F93DE2D
153180,05D66FEE6F279D17C4A953896F403DD7080C434D299AE3BDE25B8D64A3A67858
86810,05BD67DD4820D5AC2DFBC32D2AB4766BD4921A82834D377B68CC1B751633404E
20587,02FE6E6DBDFC0FDE62A9036F5F9BB5E042EAA5144AE6EFFAC7D233C3BBAC30F4
141253,020A2876D65040DA452E9364F75607A1F1ABD25EFB6F04FDEB083EA12088E6A2
74737,01C15CE97AEB9C89013A7E3CCC36AB25E245944EBFB8E7EBDC6FDA9942C3C36D
19768,02F41C8E89C830F750FC5B823E11452FB7E66FD87F6089969464D0596582CD53
18626,02E71D2B87DA76AE832EE8EB4797F39719F7352CDB21A443EB99847233650775
154596,05E527F04C39761B03E5D929B882F711EA241047DD39C0D71CB3B634A835EDC7
130010,004D8BE2910B213A4C5DDF8BD3A327635892E8C09CD1846B69CA26B15C543ACE
146722,02E4A212C2781FCE8880DB352F18D52883A2B4B8381F7811EF4F6E029B5454F0
44565,0205B076558AD6D1DCB31AD5CFC9E165DE12EB1C94D5246D27603EB07F0B6BBA
124457,08A457E37DB9E0B92D39ED7D6B616F2D0AB5E37C749927A7EF83ADE4006791F0
67512,00602FED6E5D7FAC13067374E944FD454C761F93A0A5127A1C11E0BED3CD8E79
223,000247070190B880FD31AAFBF3FB2AFCBF3A58A37DA34C0B5BE5BD33363D8D5E
107696,01CB6EC0CCE2FAF8872A20440A47178C83601CB0755BD28AE5BF46B3947F0B27
156446,08A2F1230444B2349DC1ECA85D8C03565CF3EF4EA20FA7AB2C3F0E63ABE0D026
112165,02926E19C1C3431B0CB13D2B84890D23D2450EACF1FC07FFFDC52A5063072A04
12000,0200810CAB9AEF3274B4798CA3BB891ABD8FE1F0B038C21FEAC5985A14151C68
38529,009D174AFEFCA4344323DE00C620E2DFA2BFA5E995C6F91F398FF2107AFDE0D1
15310,025924C10716CBC611EDA1D2328DD97BB7A855FACFE7C9D0A34929E5D991BA4F
133449,00748A4CCD2906B5142CA602AE3A6097D6BBC53BAC489563CAC002BB979A8DEB
30318,08BB122C9BD0497E03DF8D60CEA150E326D94171D77DD4DFDA0CFC595DD0CD3E
12322,0203F25B207ABA37A832B6367A0F36178366168CBF59B5FFE2748D0E07274E8E
47608,025B8AB1BA5DAA89D73075B0914FECEEF21FF064EC105297B03C9BDD929ABD59
82480,02E3A121940B76F422FA8D32781E300184DEE85A26377E94930DAC68CBC9FBB5
49436,02D8FC747904E5421841C03AD190002A7F6BCEB079493F41738F23061BA0D8DD
136670,0177C0ECD2B68E72E807C29C0C92AE77DA89DF24596418F6A7E23A8767014F82
13563,0211701118C54C50FC104A1060EF5F4E3021FE469D10E542C03FE820311AF33F
85735,0308FBDD89BA082FD11A3314694B8D849CA74BC03476C33E95716DB311742367
41991,01B993D1F0575524525F260CEE36EF95E1C25D05C342922955D3C60ED4D7E53D
159877,0B6E089915A3D741583F6EE5F5A1F2FDA92BCE23CE24B9275901AD1BEE8F823B
67211,005D0EB405937CBE5CFC4CB46974D7236F9568F655B60834016CDBA17A6CB820
7852,01728BFF51258856DA7A892FB3D2DE15EC4C5DF79A11FA79F32575293686E1F0
101111,007198572B184BB72F3F52103C506214DA167AE78DD6553F681B2B17B55C2BB7
38150,00986DE77C56D35526DBAEA555831BB98E769E50E97B5E58EEFFD575760FF45A
25734,05DFBD02151E5904125829C85700D53734C2AB6E58931CC056739E8CB9D6F71E
157812,08B22E5C5A459160A1F79770C0380F95CBC2DA4D66D67302236ABB0E35E08092
123912,089DACFCE20D2A79172D45A5B425329922F430BE70513D23BAB4614EC6C1F121
130652,005508D64753C3604BE76C95B209658183C56A2D98A3ED41D2581B3813A9B850
17894,02DEC406FD84B7EACA58C416405A8B0342F1FD8F6C0912E854E0CB73DBD33B90
147081,02E89631D12C329001A3B519C0FF15F6E955C21C2072DB631745981833C12CFB
115220,02EB77F397786AAB6EE810A8D576BC455E704344122FD3A4D9DA925D10B44AAB
